title,date,adj close,volume,diff1_adj_close,target_1day,diff2_adj_close,target_2day,diff3_adj_close,target_3day,diff4_adj_close,target_4day,diff5_adj_close,target_5day,diff6_adj_close,target_6day,diff7_adj_close,target_7day,diff8_adj_close,target_8day,diff9_adj_close,target_9day,diff10_adj_close,target_10day,diff11_adj_close,target_11day,diff12_adj_close,target_12day,diff13_adj_close,target_13day,diff14_adj_close,target_14day
"Cuan di Awal Pekan, Ini Deretan Saham Pilihan Broker",2020-01-06,1502.752563,37655800.0,-4.975952000000007,0,-69.66393999999991,0,-39.80798299999992,0,-34.832030999999915,0,-9.95202600000016,0,-9.95202600000016,0,-9.95202600000016,0,-9.95202600000016,0,-49.76000900000008,0,-64.6879879999999,0,-64.6879879999999,0,-134.35204999999996,0,-134.35204999999996,0,-134.35204999999996,0
"Wah, OSO Sekuritas Lepas Gadai Saham TOPS & IKAI dkk",2020-01-14,1492.8005369999998,35131600.0,-39.80798299999992,0,-54.735961999999745,0,-54.735961999999745,0,-124.4000239999998,0,-124.4000239999998,0,-124.4000239999998,0,-169.18395999999984,0,-169.18395999999984,0,-194.06396499999983,0,-189.08801299999982,0,-248.80004899999972,0,-248.80004899999972,0,-248.80004899999972,0,-204.01599099999976,0
"Rupiah Menguat, Simak nih Saham-saham yang Diuntungkan",2020-01-20,1368.400513,53119400.0,-44.78393600000004,0,-44.78393600000004,0,-69.66394100000002,0,-64.68798900000002,0,-124.40002499999991,0,-124.40002499999991,0,-124.40002499999991,0,-79.61596699999996,0,-69.66394100000002,0,-119.42407299999991,0,-144.304077,0,-164.20800800000006,0,-164.20800800000006,0,-164.20800800000006,0
"Skandal Jiwasraya Jadi Perhatian, Begini Kabar Terbarunya",2020-01-21,1323.616577,50825400.0,0.0,0,-24.880004999999983,0,-19.904052999999976,0,-79.61608899999987,0,-79.61608899999987,0,-79.61608899999987,0,-34.832030999999915,0,-24.880004999999983,0,-74.64013699999987,0,-99.52014099999997,0,-119.42407200000002,0,-119.42407200000002,0,-119.42407200000002,0,-134.35205100000007,0
"Bursa Ambles, Harga Saham WSBP Cetak Rekor Terendah Sejak IPO",2020-01-27,1244.0004880000001,38748900.0,44.78405799999996,1,54.73608399999989,1,4.975952000000007,1,-19.904052000000092,0,-39.80798300000015,0,-39.80798300000015,0,-39.80798300000015,0,-54.7359620000002,0,-59.712036000000126,0,-19.904052000000092,0,-54.7359620000002,0,-114.4479980000001,0,-114.4479980000001,0,-114.4479980000001,0
"IHSG Loyo, 12 Saham Liquid Ambles ke Level Terendah 2020",2020-01-28,1288.784546,37717700.0,9.952025999999933,1,-39.80810599999995,0,-64.68811000000005,0,-84.59204100000011,0,-84.59204100000011,0,-84.59204100000011,0,-99.52002000000016,0,-104.49609400000008,0,-64.68811000000005,0,-99.52002000000016,0,-159.23205600000006,0,-159.23205600000006,0,-159.23205600000006,0,-144.30407700000023,0
"Ramai Rilis Obligasi, 3 Saham Masuk Indeks LQ45 Terbaru",2020-01-28,1288.784546,37717700.0,9.952025999999933,1,-39.80810599999995,0,-64.68811000000005,0,-84.59204100000011,0,-84.59204100000011,0,-84.59204100000011,0,-99.52002000000016,0,-104.49609400000008,0,-64.68811000000005,0,-99.52002000000016,0,-159.23205600000006,0,-159.23205600000006,0,-159.23205600000006,0,-144.30407700000023,0
IHSG Mau Rebound nih! Cek Deretan Saham Pilihan Ini,2020-01-29,1298.736572,35130600.0,-49.760131999999885,0,-74.64013599999998,0,-94.54406700000004,0,-94.54406700000004,0,-94.54406700000004,0,-109.47204600000009,0,-114.44812000000002,0,-74.64013599999998,0,-109.47204600000009,0,-169.184082,0,-169.184082,0,-169.184082,0,-154.25610300000017,0,-164.20812999999998,0
"Duh! IHSG Ambles Lagi Nih, Turun Hampir 1%",2020-01-30,1248.9764400000001,19165100.0,-24.8800040000001,0,-44.783935000000156,0,-44.783935000000156,0,-44.783935000000156,0,-59.711914000000206,0,-64.68798800000013,0,-24.8800040000001,0,-59.711914000000206,0,-119.4239500000001,0,-119.4239500000001,0,-119.4239500000001,0,-104.49597100000028,0,-114.4479980000001,0,-154.25598100000025,0
"Masih Dihantui Corona, Saham Apa yang Layak Pilih Hari Ini",2020-01-30,1248.9764400000001,19165100.0,-24.8800040000001,0,-44.783935000000156,0,-44.783935000000156,0,-44.783935000000156,0,-59.711914000000206,0,-64.68798800000013,0,-24.8800040000001,0,-59.711914000000206,0,-119.4239500000001,0,-119.4239500000001,0,-119.4239500000001,0,-104.49597100000028,0,-114.4479980000001,0,-154.25598100000025,0
"Harga Saham Anak BUMN Berguguran, Tugu Insurance Defensif",2020-02-04,1189.264526,24526300.0,-4.976073999999926,0,34.83191000000011,1,0.0,0,-59.7120359999999,0,-59.7120359999999,0,-59.7120359999999,0,-44.784057000000075,0,-54.73608399999989,0,-94.54406700000004,0,-99.52014099999997,0,-64.68810999999982,0,-64.68810999999982,0,-64.68810999999982,0,0.0,0
"Sst...Tak Hanya Emco, OJK Juga Bidik Manajer Investasi Lain",2020-02-04,1189.264526,24526300.0,-4.976073999999926,0,34.83191000000011,1,0.0,0,-59.7120359999999,0,-59.7120359999999,0,-59.7120359999999,0,-44.784057000000075,0,-54.73608399999989,0,-94.54406700000004,0,-99.52014099999997,0,-64.68810999999982,0,-64.68810999999982,0,-64.68810999999982,0,0.0,0
"Emco Belum Kelar, OJK Kini Bidik Perusahaan MI Lainnya",2020-02-05,1184.288452,31995400.0,39.80798400000003,1,4.976073999999926,1,-54.73596199999997,0,-54.73596199999997,0,-54.73596199999997,0,-39.80798300000015,0,-49.760009999999966,0,-89.56799300000011,0,-94.54406700000004,0,-59.7120359999999,0,-59.7120359999999,0,-59.7120359999999,0,4.976073999999926,1,29.856079000000136,1
"Sebulan IHSG Memerah, Ini 10 Saham yang Sudah Murah!",2020-02-05,1184.288452,31995400.0,39.80798400000003,1,4.976073999999926,1,-54.73596199999997,0,-54.73596199999997,0,-54.73596199999997,0,-39.80798300000015,0,-49.760009999999966,0,-89.56799300000011,0,-94.54406700000004,0,-59.7120359999999,0,-59.7120359999999,0,-59.7120359999999,0,4.976073999999926,1,29.856079000000136,1
"IHSG Mulai Pede, Simak Rekomendasi Saham Pilihan Ini",2020-02-06,1224.096436,51438600.0,-34.83191000000011,0,-94.543946,0,-94.543946,0,-94.543946,0,-79.61596700000018,0,-89.567994,0,-129.37597700000015,0,-134.35205100000007,0,-99.52001999999993,0,-99.52001999999993,0,-99.52001999999993,0,-34.83191000000011,0,-9.951904999999897,0,-14.92797900000005,0
"Prospek Dipangkas, Rating Waskita Tak Lagi Digarap Pefindo",2020-02-07,1189.264526,40192300.0,-59.7120359999999,0,-59.7120359999999,0,-59.7120359999999,0,-44.784057000000075,0,-54.73608399999989,0,-94.54406700000004,0,-99.52014099999997,0,-64.68810999999982,0,-64.68810999999982,0,-64.68810999999982,0,0.0,0,24.88000500000021,1,19.903931000000057,1,-44.784057000000075,0
Ini Sejumlah Kabar Korporasi yang Terjadi Pekan Lalu,2020-02-10,1129.55249,43704000.0,14.927978999999823,1,4.975952000000007,1,-34.83203100000014,0,-39.80810500000007,0,-4.976073999999926,0,-4.976073999999926,0,-4.976073999999926,0,59.7120359999999,1,84.59204100000011,1,79.61596699999996,1,14.927978999999823,1,-59.712036000000126,0,-59.712036000000126,0,-59.712036000000126,0
"IHSG Berpeluang Menguat, Apa Saja Saham Pilihan Hari Ini?",2020-02-11,1144.4804689999999,37044200.0,-9.952026999999816,0,-49.760009999999966,0,-54.73608399999989,0,-19.90405299999975,0,-19.90405299999975,0,-19.90405299999975,0,44.784057000000075,1,69.66406200000029,1,64.68798800000013,1,0.0,0,-74.64001499999995,0,-74.64001499999995,0,-74.64001499999995,0,-69.66406299999971,0
"Kinerja Hutama Karya Kalahkan ADHI, WIKA & PTPP",2020-02-18,1189.264526,49080700.0,24.88000500000021,1,19.903931000000057,1,-44.784057000000075,0,-119.42407200000002,0,-119.42407200000002,0,-119.42407200000002,0,-114.44811999999979,0,-159.23217699999987,0,-194.06414800000005,0,-218.94415199999992,0,-223.920166,0,-223.920166,0,-223.920166,0,-208.99212599999998,0
"Bangun Proyek Jokowi, Utang 4 BUMN Karya Tembus Rp 218,88 T",2020-02-18,1189.264526,49080700.0,24.88000500000021,1,19.903931000000057,1,-44.784057000000075,0,-119.42407200000002,0,-119.42407200000002,0,-119.42407200000002,0,-114.44811999999979,0,-159.23217699999987,0,-194.06414800000005,0,-218.94415199999992,0,-223.920166,0,-223.920166,0,-223.920166,0,-208.99212599999998,0
"Ramai Emco Asset Management, Simak Kinerja Reksa Dananya",2020-02-18,1189.264526,49080700.0,24.88000500000021,1,19.903931000000057,1,-44.784057000000075,0,-119.42407200000002,0,-119.42407200000002,0,-119.42407200000002,0,-114.44811999999979,0,-159.23217699999987,0,-194.06414800000005,0,-218.94415199999992,0,-223.920166,0,-223.920166,0,-223.920166,0,-208.99212599999998,0
"IHSG Menguji Level 5.900, Simak Saham Pilihan Broker Ini",2020-02-19,1214.1445310000001,57983200.0,-4.976074000000153,0,-69.66406200000029,0,-144.30407700000023,0,-144.30407700000023,0,-144.30407700000023,0,-139.328125,0,-184.11218200000008,0,-218.94415300000026,0,-243.82415700000013,0,-248.8001710000002,0,-248.8001710000002,0,-248.8001710000002,0,-233.8721310000002,0,-184.11218200000008,0
"Likuidasi Reksa Dana Minna Padi, Layak Ditadah karena Murah?",2020-02-19,1214.1445310000001,57983200.0,-4.976074000000153,0,-69.66406200000029,0,-144.30407700000023,0,-144.30407700000023,0,-144.30407700000023,0,-139.328125,0,-184.11218200000008,0,-218.94415300000026,0,-243.82415700000013,0,-248.8001710000002,0,-248.8001710000002,0,-248.8001710000002,0,-233.8721310000002,0,-184.11218200000008,0
"Investor Borong Saham Konstruksi, Ada Apa?",2020-02-19,1214.1445310000001,57983200.0,-4.976074000000153,0,-69.66406200000029,0,-144.30407700000023,0,-144.30407700000023,0,-144.30407700000023,0,-139.328125,0,-184.11218200000008,0,-218.94415300000026,0,-243.82415700000013,0,-248.8001710000002,0,-248.8001710000002,0,-248.8001710000002,0,-233.8721310000002,0,-184.11218200000008,0
Waskita Toll Road Bakal Lepas 4 Ruas Tol Tahun Ini,2020-02-20,1209.168457,47526400.0,-64.68798800000013,0,-139.32800300000008,0,-139.32800300000008,0,-139.32800300000008,0,-134.35205099999985,0,-179.13610799999992,0,-213.9680790000001,0,-238.84808299999997,0,-243.82409700000005,0,-243.82409700000005,0,-243.82409700000005,0,-228.89605700000004,0,-179.13610799999992,0,-204.01605199999995,0
"Dirut-Komut BNI Dirombak, 5 Anak Usaha Garuda Mau Ditutup",2020-02-21,1144.4804689999999,21987400.0,-74.64001499999995,0,-74.64001499999995,0,-74.64001499999995,0,-69.66406299999971,0,-114.44811999999979,0,-149.28009099999997,0,-174.16009499999984,0,-179.13610899999992,0,-179.13610899999992,0,-179.13610899999992,0,-164.2080689999999,0,-114.44811999999979,0,-139.3280639999998,0,-174.16009499999984,0
"Saham Waskita Terjun Bebas 6,52%, WSBP Cetak Rekor Terendah",2020-02-24,1069.840454,48552700.0,4.975952000000234,1,-39.80810499999984,0,-74.64007600000002,0,-99.5200799999999,0,-104.49609399999997,0,-104.49609399999997,0,-104.49609399999997,0,-89.56805399999996,0,-39.80810499999984,0,-64.68804899999986,0,-99.5200799999999,0,-243.82409699999982,0,-243.82409699999982,0,-243.82409699999982,0
"Bukan Soal Rugi, Ini Alasan Erick Panggil Direksi BUMN Karya",2020-02-25,1074.8164060000001,26622400.0,-44.784057000000075,0,-79.61602800000026,0,-104.49603200000013,0,-109.4720460000002,0,-109.4720460000002,0,-109.4720460000002,0,-94.5440060000002,0,-44.784057000000075,0,-69.6640010000001,0,-104.49603200000013,0,-248.80004900000006,0,-248.80004900000006,0,-248.80004900000006,0,-228.89605700000016,0
"KRAS Bakal Jadi Holding, Jiwasraya Bakal Disuntik Rp 15 T?",2020-02-25,1074.8164060000001,26622400.0,-44.784057000000075,0,-79.61602800000026,0,-104.49603200000013,0,-109.4720460000002,0,-109.4720460000002,0,-109.4720460000002,0,-94.5440060000002,0,-44.784057000000075,0,-69.6640010000001,0,-104.49603200000013,0,-248.80004900000006,0,-248.80004900000006,0,-248.80004900000006,0,-228.89605700000016,0
"IHSG Terendah Sejak November 2018, Ini Saham Pilihan Broker",2020-02-26,1030.032349,28599200.0,-34.83197100000018,0,-59.71197500000005,0,-64.68798900000013,0,-64.68798900000013,0,-64.68798900000013,0,-49.75994900000012,0,0.0,0,-24.879944000000023,0,-59.71197500000005,0,-204.01599199999998,0,-204.01599199999998,0,-204.01599199999998,0,-184.11200000000008,0,-263.7280280000001,0
"Ada Kabar Sejumlah BUMN Mau Buyback Saham, Jangan Ketinggalan",2020-03-02,965.3443599999999,34912500.0,14.92804000000001,1,64.68798900000013,1,39.80804500000011,1,4.976014000000077,1,-139.32800299999985,0,-139.32800299999985,0,-139.32800299999985,0,-119.42401099999995,0,-199.04003899999998,0,-323.44012399999986,0,-333.39208899999994,0,-373.20013399999993,0,-373.20013399999993,0,-373.20013399999993,0
"Masuk Maret, Saham Apa Saja yang Direkomendasikan Broker?",2020-03-02,965.3443599999999,34912500.0,14.92804000000001,1,64.68798900000013,1,39.80804500000011,1,4.976014000000077,1,-139.32800299999985,0,-139.32800299999985,0,-139.32800299999985,0,-119.42401099999995,0,-199.04003899999998,0,-323.44012399999986,0,-333.39208899999994,0,-373.20013399999993,0,-373.20013399999993,0,-373.20013399999993,0
Astra Jajaki Akuisisi 2 Ruas Tol Milik Waskita Karya,2020-03-05,1005.152405,41226000.0,-34.83203100000003,0,-179.13604799999996,0,-179.13604799999996,0,-179.13604799999996,0,-159.23205600000006,0,-238.84808400000009,0,-363.24816899999996,0,-373.20013400000005,0,-413.00817900000004,0,-413.00817900000004,0,-413.00817900000004,0,-452.8161620000001,0,-487.648194,0,-523.4754030000001,0
"Astra Mau Beli Tol, hingga Bangkok Bank Incar 1 Bank RI Lagi",2020-03-06,970.320374,27791300.0,-144.30401699999993,0,-144.30401699999993,0,-144.30401699999993,0,-124.40002500000003,0,-204.01605300000006,0,-328.41613799999993,0,-338.368103,0,-378.176148,0,-378.176148,0,-378.176148,0,-417.98413100000005,0,-452.81616299999996,0,-488.64337200000006,0,-520.489808,0
"Cuan di Awal Pekan, Simak Rekomendasi Saham Hari Ini",2020-03-09,826.0163570000001,43167900.0,19.903991999999903,1,-59.712036000000126,0,-184.112121,0,-194.0640860000001,0,-233.87213100000008,0,-233.87213100000008,0,-233.87213100000008,0,-273.6801140000001,0,-308.51214600000003,0,-344.3393550000001,0,-376.18579100000005,0,-406.0417780000001,0,-406.0417780000001,0,-406.0417780000001,0
Harap Tenang! Kementerian BUMN Pertimbangkan Buyback Saham,2020-03-09,826.0163570000001,43167900.0,19.903991999999903,1,-59.712036000000126,0,-184.112121,0,-194.0640860000001,0,-233.87213100000008,0,-233.87213100000008,0,-233.87213100000008,0,-273.6801140000001,0,-308.51214600000003,0,-344.3393550000001,0,-376.18579100000005,0,-406.0417780000001,0,-406.0417780000001,0,-406.0417780000001,0
"Panik Corona & Perang Minyak, 15 Saham LQ45 Drop 10%",2020-03-09,826.0163570000001,43167900.0,19.903991999999903,1,-59.712036000000126,0,-184.112121,0,-194.0640860000001,0,-233.87213100000008,0,-233.87213100000008,0,-233.87213100000008,0,-273.6801140000001,0,-308.51214600000003,0,-344.3393550000001,0,-376.18579100000005,0,-406.0417780000001,0,-406.0417780000001,0,-406.0417780000001,0
Joss Pak Erick! 12 Saham BUMN yang Buyback Naik 4% Lebih,2020-03-10,845.920349,61497100.0,-79.61602800000003,0,-204.0161129999999,0,-213.968078,0,-253.77612299999998,0,-253.77612299999998,0,-253.77612299999998,0,-293.584106,0,-328.41613799999993,0,-364.243347,0,-396.08978299999995,0,-425.94577,0,-425.94577,0,-425.94577,0,-449.830597,0
"Tunggu Stimulus dari Negara Maju, Penguatan IHSG Tertahan",2020-03-10,845.920349,61497100.0,-79.61602800000003,0,-204.0161129999999,0,-213.968078,0,-253.77612299999998,0,-253.77612299999998,0,-253.77612299999998,0,-293.584106,0,-328.41613799999993,0,-364.243347,0,-396.08978299999995,0,-425.94577,0,-425.94577,0,-425.94577,0,-449.830597,0
"12 BUMN Ini Siap Buyback Rp 8 T, Jangan Ketinggalan!",2020-03-10,845.920349,61497100.0,-79.61602800000003,0,-204.0161129999999,0,-213.968078,0,-253.77612299999998,0,-253.77612299999998,0,-253.77612299999998,0,-293.584106,0,-328.41613799999993,0,-364.243347,0,-396.08978299999995,0,-425.94577,0,-425.94577,0,-425.94577,0,-449.830597,0
"12 BUMN Siap Buyback, IHSG Mulai Pede di Sesi I",2020-03-10,845.920349,61497100.0,-79.61602800000003,0,-204.0161129999999,0,-213.968078,0,-253.77612299999998,0,-253.77612299999998,0,-253.77612299999998,0,-293.584106,0,-328.41613799999993,0,-364.243347,0,-396.08978299999995,0,-425.94577,0,-425.94577,0,-425.94577,0,-449.830597,0
"7 BUMN Ini Berpotensi Buyback, Bakal ke Mana Gerak Sahamnya?",2020-03-10,845.920349,61497100.0,-79.61602800000003,0,-204.0161129999999,0,-213.968078,0,-253.77612299999998,0,-253.77612299999998,0,-253.77612299999998,0,-293.584106,0,-328.41613799999993,0,-364.243347,0,-396.08978299999995,0,-425.94577,0,-425.94577,0,-425.94577,0,-449.830597,0
"Simak Gerak Saham 7 Emiten BUMN Ini, Berpotensi Buyback!",2020-03-11,766.304321,53300800.0,-124.40008499999988,0,-134.35204999999996,0,-174.16009499999996,0,-174.16009499999996,0,-174.16009499999996,0,-213.968078,0,-248.8001099999999,0,-284.627319,0,-316.4737549999999,0,-346.32974199999995,0,-346.32974199999995,0,-346.32974199999995,0,-370.214569,0,-312.49294999999995,0
"Dapat Restu Buyback, kok Banyak Saham BUMN Malah Tumbang?",2020-03-11,766.304321,53300800.0,-124.40008499999988,0,-134.35204999999996,0,-174.16009499999996,0,-174.16009499999996,0,-174.16009499999996,0,-213.968078,0,-248.8001099999999,0,-284.627319,0,-316.4737549999999,0,-346.32974199999995,0,-346.32974199999995,0,-346.32974199999995,0,-370.214569,0,-312.49294999999995,0
IHSG Rentan! Wamen BUMN Dorong Dapen & Taspen Masuk ke Pasar,2020-03-11,766.304321,53300800.0,-124.40008499999988,0,-134.35204999999996,0,-174.16009499999996,0,-174.16009499999996,0,-174.16009499999996,0,-213.968078,0,-248.8001099999999,0,-284.627319,0,-316.4737549999999,0,-346.32974199999995,0,-346.32974199999995,0,-346.32974199999995,0,-370.214569,0,-312.49294999999995,0
"12 BUMN Siap Buyback Saham, Begini Alasan Lengkapnya",2020-03-11,766.304321,53300800.0,-124.40008499999988,0,-134.35204999999996,0,-174.16009499999996,0,-174.16009499999996,0,-174.16009499999996,0,-213.968078,0,-248.8001099999999,0,-284.627319,0,-316.4737549999999,0,-346.32974199999995,0,-346.32974199999995,0,-346.32974199999995,0,-370.214569,0,-312.49294999999995,0
"Pak Erick, 'Jamu' Buyback Kurang Ampuh buat 8 Saham BUMN",2020-03-11,766.304321,53300800.0,-124.40008499999988,0,-134.35204999999996,0,-174.16009499999996,0,-174.16009499999996,0,-174.16009499999996,0,-213.968078,0,-248.8001099999999,0,-284.627319,0,-316.4737549999999,0,-346.32974199999995,0,-346.32974199999995,0,-346.32974199999995,0,-370.214569,0,-312.49294999999995,0
"12 BUMN Buyback, Sahamnya Ada yang Anjlok 42%",2020-03-11,766.304321,53300800.0,-124.40008499999988,0,-134.35204999999996,0,-174.16009499999996,0,-174.16009499999996,0,-174.16009499999996,0,-213.968078,0,-248.8001099999999,0,-284.627319,0,-316.4737549999999,0,-346.32974199999995,0,-346.32974199999995,0,-346.32974199999995,0,-370.214569,0,-312.49294999999995,0
"Laba Waskita Beton Ambles 27% di 2019, Sahamnya pun Jatuh",2020-03-11,766.304321,53300800.0,-124.40008499999988,0,-134.35204999999996,0,-174.16009499999996,0,-174.16009499999996,0,-174.16009499999996,0,-213.968078,0,-248.8001099999999,0,-284.627319,0,-316.4737549999999,0,-346.32974199999995,0,-346.32974199999995,0,-346.32974199999995,0,-370.214569,0,-312.49294999999995,0
"12 BUMN Diklaim Bakal Buyback Saham, BEI: Belum Ada Info!",2020-03-11,766.304321,53300800.0,-124.40008499999988,0,-134.35204999999996,0,-174.16009499999996,0,-174.16009499999996,0,-174.16009499999996,0,-213.968078,0,-248.8001099999999,0,-284.627319,0,-316.4737549999999,0,-346.32974199999995,0,-346.32974199999995,0,-346.32974199999995,0,-370.214569,0,-312.49294999999995,0
"IHSG Rontok, 10 Saham Ini Anjlok di Atas 10% Sehari",2020-03-12,641.9042360000001,75817200.0,-9.951965000000087,0,-49.76001000000008,0,-49.76001000000008,0,-49.76001000000008,0,-89.56799300000011,0,-124.40002500000003,0,-160.22723400000012,0,-192.07367000000005,0,-221.92965700000008,0,-221.92965700000008,0,-221.92965700000008,0,-245.8144840000001,0,-188.09286500000007,0,-188.09286500000007,0
Saham Drop 10% kok Belum Kena Auto Reject? Ini Penjelasan BEI,2020-03-12,641.9042360000001,75817200.0,-9.951965000000087,0,-49.76001000000008,0,-49.76001000000008,0,-49.76001000000008,0,-89.56799300000011,0,-124.40002500000003,0,-160.22723400000012,0,-192.07367000000005,0,-221.92965700000008,0,-221.92965700000008,0,-221.92965700000008,0,-245.8144840000001,0,-188.09286500000007,0,-188.09286500000007,0
IHSG Jebol! Saham Emiten Konstruksi Kompak Ambruk,2020-03-12,641.9042360000001,75817200.0,-9.951965000000087,0,-49.76001000000008,0,-49.76001000000008,0,-49.76001000000008,0,-89.56799300000011,0,-124.40002500000003,0,-160.22723400000012,0,-192.07367000000005,0,-221.92965700000008,0,-221.92965700000008,0,-221.92965700000008,0,-245.8144840000001,0,-188.09286500000007,0,-188.09286500000007,0
"Ada Auto Reject Asimetris, kok 5 Saham LQ45 Drop 10% Lebih?",2020-03-12,641.9042360000001,75817200.0,-9.951965000000087,0,-49.76001000000008,0,-49.76001000000008,0,-49.76001000000008,0,-89.56799300000011,0,-124.40002500000003,0,-160.22723400000012,0,-192.07367000000005,0,-221.92965700000008,0,-221.92965700000008,0,-221.92965700000008,0,-245.8144840000001,0,-188.09286500000007,0,-188.09286500000007,0
"BCA Dapat 2 Direksi Baru, Citos Mau Dijual Demi Jiwasraya",2020-03-12,641.9042360000001,75817200.0,-9.951965000000087,0,-49.76001000000008,0,-49.76001000000008,0,-49.76001000000008,0,-89.56799300000011,0,-124.40002500000003,0,-160.22723400000012,0,-192.07367000000005,0,-221.92965700000008,0,-221.92965700000008,0,-221.92965700000008,0,-245.8144840000001,0,-188.09286500000007,0,-188.09286500000007,0
Area Pivot 4.994 Jadi Penentu Arah Gerak IHSG Hari Ini,2020-03-13,631.952271,124500700.0,-39.80804499999999,0,-39.80804499999999,0,-39.80804499999999,0,-79.61602800000003,0,-114.44805999999994,0,-150.27526900000004,0,-182.12170499999996,0,-211.977692,0,-211.977692,0,-211.977692,0,-235.86251900000002,0,-178.1409,0,-178.1409,0,-124.40005500000001,0
"Mari Tenang, Yuk Pilih Saham Rekomendasi Broker Hari Ini",2020-03-13,631.952271,124500700.0,-39.80804499999999,0,-39.80804499999999,0,-39.80804499999999,0,-79.61602800000003,0,-114.44805999999994,0,-150.27526900000004,0,-182.12170499999996,0,-211.977692,0,-211.977692,0,-211.977692,0,-235.86251900000002,0,-178.1409,0,-178.1409,0,-124.40005500000001,0
"IHSG Ambles 10%, Ini 3 Saham Blue Chip Paling Buntung",2020-03-14,592.144226,34751000.0,0.0,0,0.0,0,-39.807983000000036,0,-74.64001499999995,0,-110.46722400000004,0,-142.31365999999997,0,-172.169647,0,-172.169647,0,-172.169647,0,-196.05447400000003,0,-138.332855,0,-138.332855,0,-84.59201000000002,0,-118.42883300000005,0
"Awas Kena ARB, 170 Saham Ambles lebih dari 6% & Ada BUMN Juga",2020-03-16,592.144226,34751000.0,-39.807983000000036,0,-74.64001499999995,0,-110.46722400000004,0,-142.31365999999997,0,-172.169647,0,-172.169647,0,-172.169647,0,-196.05447400000003,0,-138.332855,0,-138.332855,0,-84.59201000000002,0,-118.42883300000005,0,-118.42883300000005,0,-118.42883300000005,0
"Jangan Ketinggalan, Ini Daftar Emiten yang Lakukan Buyback",2020-03-17,552.336243,35763200.0,-34.83203199999991,0,-70.65924100000001,0,-102.50567699999993,0,-132.36166399999996,0,-132.36166399999996,0,-132.36166399999996,0,-156.246491,0,-98.52487199999996,0,-98.52487199999996,0,-44.78402699999998,0,-78.62085000000002,0,-78.62085000000002,0,-78.62085000000002,0,-70.65924100000001,0
Bablas! 10 Saham di LQ45 Anjlok 50% Lebih,2020-03-18,517.504211,41203400.0,-35.827209000000096,0,-67.67364500000002,0,-97.52963200000005,0,-97.52963200000005,0,-97.52963200000005,0,-121.41445900000008,0,-63.69284000000005,0,-63.69284000000005,0,-9.951995000000068,0,-43.788818000000106,0,-43.788818000000106,0,-43.788818000000106,0,-35.827209000000096,0,-39.80801300000002,0
Tenang! Pemerintah Siapkan 2.000 Kamar untuk Pasien Corona,2020-03-19,481.67700199999996,14112900.0,-31.846435999999926,0,-61.70242299999995,0,-61.70242299999995,0,-61.70242299999995,0,-85.58724999999998,0,-27.86563099999995,0,-27.86563099999995,0,25.875214000000028,1,-7.96160900000001,0,-7.96160900000001,0,-7.96160900000001,0,0.0,0,-3.980803999999921,0,3.980803999999978,1
"Pendapatan Turun, Laba Bersih Waskita Anjlok 76% di 2019",2020-03-19,481.67700199999996,14112900.0,-31.846435999999926,0,-61.70242299999995,0,-61.70242299999995,0,-61.70242299999995,0,-85.58724999999998,0,-27.86563099999995,0,-27.86563099999995,0,25.875214000000028,1,-7.96160900000001,0,-7.96160900000001,0,-7.96160900000001,0,0.0,0,-3.980803999999921,0,3.980803999999978,1
"Bank Boleh Restrukturisasi Kredit, 161 Saham Dekati ARB",2020-03-20,449.83056600000003,56554400.0,-29.855987000000027,0,-29.855987000000027,0,-29.855987000000027,0,-53.74081400000006,0,3.9808049999999753,1,3.9808049999999753,1,57.721649999999954,1,23.884826999999916,1,23.884826999999916,1,23.884826999999916,1,31.846435999999926,1,27.865632000000005,1,35.827239999999904,1,57.721649999999954,1
"Bursa Saham Bearish, Erick: Belum Semua BUMN Buyback",2020-03-20,449.83056600000003,56554400.0,-29.855987000000027,0,-29.855987000000027,0,-29.855987000000027,0,-53.74081400000006,0,3.9808049999999753,1,3.9808049999999753,1,57.721649999999954,1,23.884826999999916,1,23.884826999999916,1,23.884826999999916,1,31.846435999999926,1,27.865632000000005,1,35.827239999999904,1,57.721649999999954,1
"Masih Bertenaga, IHSG Sesi II Masih Kuat Lari Kencang",2020-03-27,507.552216,158036100.0,-33.83682300000004,0,-33.83682300000004,0,-33.83682300000004,0,-25.875214000000028,0,-29.85601799999995,0,-21.89441000000005,0,0.0,0,124.40005500000001,1,124.40005500000001,1,124.40005500000001,1,154.25607299999996,1,109.472015,1,99.52005000000003,1,119.42404100000005,1
"IHSG Masih Ragu Tentukan Arah, Simak Saham Pilihan Hari Ini",2020-04-02,485.65780599999994,55859300.0,21.89441000000005,1,146.29446500000006,1,146.29446500000006,1,146.29446500000006,1,176.150483,1,131.36642500000005,1,121.41446000000008,1,141.3184510000001,1,141.3184510000001,1,141.3184510000001,1,141.3184510000001,1,171.17446900000004,1,141.3184510000001,1,121.41446000000008,1
"Ditopang Kabar dari BI, IHSG Terus Nyaman di Zona Hijau",2020-04-06,631.952271,251951800.0,29.85601799999995,1,-14.92804000000001,0,-24.880004999999983,0,-4.976013999999964,0,-4.976013999999964,0,-4.976013999999964,0,-4.976013999999964,0,24.880003999999985,1,-4.976013999999964,0,-24.880004999999983,0,-9.95202699999993,0,-29.85601900000006,0,-29.85601900000006,0,-29.85601900000006,0
"Semalam Wall Street Pesta Pora, Reli IHSG Bakal Berlanjut",2020-04-07,661.808289,304906000.0,-44.78405799999996,0,-54.73602299999993,0,-34.83203199999991,0,-34.83203199999991,0,-34.83203199999991,0,-34.83203199999991,0,-4.976013999999964,0,-34.83203199999991,0,-54.73602299999993,0,-39.80804499999988,0,-59.71203700000001,0,-59.71203700000001,0,-59.71203700000001,0,-89.56805499999996,0
"IHSG Bisa Terbang Lagi, Simak Saham Pilihan Hari Ini",2020-04-07,661.808289,304906000.0,-44.78405799999996,0,-54.73602299999993,0,-34.83203199999991,0,-34.83203199999991,0,-34.83203199999991,0,-34.83203199999991,0,-4.976013999999964,0,-34.83203199999991,0,-54.73602299999993,0,-39.80804499999988,0,-59.71203700000001,0,-59.71203700000001,0,-59.71203700000001,0,-89.56805499999996,0
Fantastis! 5 Saham LQ45 Melesat 30% Lebih dalam Sepekan,2020-04-07,661.808289,304906000.0,-44.78405799999996,0,-54.73602299999993,0,-34.83203199999991,0,-34.83203199999991,0,-34.83203199999991,0,-34.83203199999991,0,-4.976013999999964,0,-34.83203199999991,0,-54.73602299999993,0,-39.80804499999988,0,-59.71203700000001,0,-59.71203700000001,0,-59.71203700000001,0,-89.56805499999996,0
"Jelang Libur Paskah, Simak Dulu Saham Pilihan Hari Ini",2020-04-09,607.072266,80786600.0,19.90399100000002,1,19.90399100000002,1,19.90399100000002,1,19.90399100000002,1,49.76000899999997,1,19.90399100000002,1,0.0,0,14.927978000000053,1,-4.976014000000077,0,-4.976014000000077,0,-4.976014000000077,0,-34.83203200000003,0,-19.904052999999976,0,-34.83203200000003,0
"Jangan Ketinggalan, Simak Saham Pilihan Hari Ini!",2020-04-15,626.976257,72801700.0,-19.90399100000002,0,-4.976012999999966,0,-24.880005000000097,0,-24.880005000000097,0,-24.880005000000097,0,-54.736023000000046,0,-39.808043999999995,0,-54.736023000000046,0,-74.64001400000006,0,-69.66406200000006,0,-69.66406200000006,0,-69.66406200000006,0,-39.808043999999995,0,-39.808043999999995,0
Cuan di Akhir Pekan? Simak Deretan Saham Pilihan Ini,2020-04-17,622.0002440000001,39751400.0,-19.90399200000013,0,-19.90399200000013,0,-19.90399200000013,0,-49.76001000000008,0,-34.83203100000003,0,-49.76001000000008,0,-69.6640010000001,0,-64.68804900000009,0,-64.68804900000009,0,-64.68804900000009,0,-34.83203100000003,0,-34.83203100000003,0,-19.90399200000013,0,-39.807983000000036,0
"Bisnis Jalan Tol Masih Tangguh di Q1-2020, tapi Was-was di Q2",2020-04-28,587.168213,38471500.0,0.0,0,14.928038999999899,1,-4.975952000000007,0,-4.975952000000007,0,-4.975952000000007,0,-4.975952000000007,0,14.928038999999899,1,4.976012999999966,1,9.952025999999933,1,9.952025999999933,1,24.880004999999983,1,24.880004999999983,1,24.880004999999983,1,-4.975952000000007,0
"Performa Saham BUMN di LQ45 Saat Corona, Siapa Terbaik?",2020-04-28,587.168213,38471500.0,0.0,0,14.928038999999899,1,-4.975952000000007,0,-4.975952000000007,0,-4.975952000000007,0,-4.975952000000007,0,14.928038999999899,1,4.976012999999966,1,9.952025999999933,1,9.952025999999933,1,24.880004999999983,1,24.880004999999983,1,24.880004999999983,1,-4.975952000000007,0
"Begini Rapor 13 Saham BUMN di LQ45, Ada yang Melesat 24%",2020-04-29,587.168213,33611400.0,14.928038999999899,1,-4.975952000000007,0,-4.975952000000007,0,-4.975952000000007,0,-4.975952000000007,0,14.928038999999899,1,4.976012999999966,1,9.952025999999933,1,9.952025999999933,1,24.880004999999983,1,24.880004999999983,1,24.880004999999983,1,-4.975952000000007,0,-4.975952000000007,0
"Ini 10 Saham LQ45 Terburuk Saat Covid-19, Ada yang Drop 72%",2020-05-04,582.192261,30511100.0,19.903990999999905,1,9.951964999999973,1,14.92797799999994,1,14.92797799999994,1,29.85595699999999,1,29.85595699999999,1,29.85595699999999,1,0.0,0,0.0,0,-14.92804000000001,0,-9.952027000000044,0,-9.952027000000044,0,-9.952027000000044,0,-9.952027000000044,0
"Menanti Rilis PDB, Simak Saham Pilihan Hari Ini",2020-05-05,602.0962519999999,39191600.0,-9.952025999999933,0,-4.976012999999966,0,-4.976012999999966,0,9.951966000000084,1,9.951966000000084,1,9.951966000000084,1,-19.903990999999905,0,-19.903990999999905,0,-34.832030999999915,0,-29.85601799999995,0,-29.85601799999995,0,-29.85601799999995,0,-29.85601799999995,0,-19.903990999999905,0
"Waspada! Sesi II IHSG Berpotensi Terkoreksi, Kenapa?",2020-05-11,612.048218,62660800.0,-29.85595699999999,0,-29.85595699999999,0,-44.783997,0,-39.80798400000003,0,-39.80798400000003,0,-39.80798400000003,0,-39.80798400000003,0,-29.85595699999999,0,-34.831969999999956,0,-14.92797900000005,0,-14.92797900000005,0,-14.92797900000005,0,-14.92797900000005,0,-14.92797900000005,0
"Meski Mudik Dilarang, Tol Japek Selatan Disiapkan Fungsional",2020-05-12,582.192261,35250700.0,0.0,0,-14.92804000000001,0,-9.952027000000044,0,-9.952027000000044,0,-9.952027000000044,0,-9.952027000000044,0,0.0,0,-4.976012999999966,0,14.92797799999994,1,14.92797799999994,1,14.92797799999994,1,14.92797799999994,1,14.92797799999994,1,14.92797799999994,1
"Penjualan Ritel Kontraksi, IHSG Masih Ngos-ngosan di Sesi II",2020-05-12,582.192261,35250700.0,0.0,0,-14.92804000000001,0,-9.952027000000044,0,-9.952027000000044,0,-9.952027000000044,0,-9.952027000000044,0,0.0,0,-4.976012999999966,0,14.92797799999994,1,14.92797799999994,1,14.92797799999994,1,14.92797799999994,1,14.92797799999994,1,14.92797799999994,1
"Di Luar PMN, 8 BUMN akan Terima Rp 26 T dari Pemerintah",2020-05-13,582.192261,22226800.0,-14.92804000000001,0,-9.952027000000044,0,-9.952027000000044,0,-9.952027000000044,0,-9.952027000000044,0,0.0,0,-4.976012999999966,0,14.92797799999994,1,14.92797799999994,1,14.92797799999994,1,14.92797799999994,1,14.92797799999994,1,14.92797799999994,1,19.903990999999905,1
"Arus Kas Tergerus, Sederet Emiten Ini Kena Downgrade",2020-05-13,582.192261,22226800.0,-14.92804000000001,0,-9.952027000000044,0,-9.952027000000044,0,-9.952027000000044,0,-9.952027000000044,0,0.0,0,-4.976012999999966,0,14.92797799999994,1,14.92797799999994,1,14.92797799999994,1,14.92797799999994,1,14.92797799999994,1,14.92797799999994,1,19.903990999999905,1
"Banyak Proyek Ditunda, Emiten BUMN Karya Revisi Kontrak Baru",2020-05-13,582.192261,22226800.0,-14.92804000000001,0,-9.952027000000044,0,-9.952027000000044,0,-9.952027000000044,0,-9.952027000000044,0,0.0,0,-4.976012999999966,0,14.92797799999994,1,14.92797799999994,1,14.92797799999994,1,14.92797799999994,1,14.92797799999994,1,14.92797799999994,1,19.903990999999905,1
"IHSG Rentan Tertekan, tapi Pasti Ada Saham 'Murah' Hari Ini",2020-05-14,567.264221,29340700.0,4.976012999999966,1,4.976012999999966,1,4.976012999999966,1,4.976012999999966,1,14.92804000000001,1,9.952027000000044,1,29.85601799999995,1,29.85601799999995,1,29.85601799999995,1,29.85601799999995,1,29.85601799999995,1,29.85601799999995,1,34.832030999999915,1,49.760009999999966,1
"Segera Cair, BUMN Konstruksi Bakal Disuntik Rp 12,6 T",2020-05-15,572.240234,20603200.0,0.0,0,0.0,0,0.0,0,9.952027000000044,1,4.976014000000077,1,24.880004999999983,1,24.880004999999983,1,24.880004999999983,1,24.880004999999983,1,24.880004999999983,1,24.880004999999983,1,29.85601799999995,1,44.783997,1,34.83203200000003,1
"Duh, Utang Luar Negeri BUMN Bengkak Akibat Infeksi Corona!",2020-05-15,572.240234,20603200.0,0.0,0,0.0,0,0.0,0,9.952027000000044,1,4.976014000000077,1,24.880004999999983,1,24.880004999999983,1,24.880004999999983,1,24.880004999999983,1,24.880004999999983,1,24.880004999999983,1,29.85601799999995,1,44.783997,1,34.83203200000003,1
"Vaksin Corona Ditemukan, Simak Saham-saham Potensial Hari Ini",2020-05-20,577.2162480000001,20162500.0,19.903990999999905,1,19.903990999999905,1,19.903990999999905,1,19.903990999999905,1,19.903990999999905,1,19.903990999999905,1,24.88000399999987,1,39.80798299999992,1,29.85601799999995,1,49.76000899999997,1,49.76000899999997,1,49.76000899999997,1,49.76000899999997,1,84.59204099999988,1
"Urgent! Butuh Dana Segar, Waskita Jual 3 Ruas Tol Tahun Ini",2020-05-28,617.024231,140138400.0,-9.951964999999973,0,9.952026000000046,1,9.952026000000046,1,9.952026000000046,1,9.952026000000046,1,44.78405799999996,1,84.592041,1,114.44805900000006,1,164.20806900000002,1,164.20806900000002,1,164.20806900000002,1,159.23205600000006,1,119.42407200000002,1,74.64001500000006,1
"Ditopang Asing, IHSG Sesi II Bakal Anteng di Zona Hijau",2020-05-28,617.024231,140138400.0,-9.951964999999973,0,9.952026000000046,1,9.952026000000046,1,9.952026000000046,1,9.952026000000046,1,44.78405799999996,1,84.592041,1,114.44805900000006,1,164.20806900000002,1,164.20806900000002,1,164.20806900000002,1,159.23205600000006,1,119.42407200000002,1,74.64001500000006,1
"Ramai, Cerita Sinarmas Asset vs Bibit hingga Bank Digital BCA",2020-05-29,607.072266,40143000.0,19.90399100000002,1,19.90399100000002,1,19.90399100000002,1,19.90399100000002,1,54.73602299999993,1,94.54400599999997,1,124.40002400000003,1,174.160034,1,174.160034,1,174.160034,1,169.18402100000003,1,129.376037,1,84.59198000000004,1,119.42401099999995,1
"Tak Mau Ketinggalan, Saham 'Raja' Konstruksi Ikut Melambung",2020-06-02,626.976257,71815600.0,34.83203199999991,1,74.64001499999995,1,104.49603300000001,1,154.25604299999998,1,154.25604299999998,1,154.25604299999998,1,149.28003,1,109.47204599999998,1,64.68798900000002,1,99.52001999999993,1,89.56805499999996,1,89.56805499999996,1,89.56805499999996,1,133.02374299999997,1
"Kontrak Baru Turun, Fitch Pangkas Rating Waskita Jadi Negatif",2020-06-03,661.808289,147548800.0,39.807983000000036,1,69.6640010000001,1,119.42401100000006,1,119.42401100000006,1,119.42401100000006,1,114.4479980000001,1,74.64001400000006,1,29.855957000000103,1,64.68798800000002,1,54.736023000000046,1,54.736023000000046,1,54.736023000000046,1,98.19171100000005,1,108.19171100000005,1
"Rating WSKT & BNLI Dipangkas, Pengelola Mal Siap Buka Lagi",2020-06-04,701.616272,332899300.0,29.856018000000063,1,79.61602800000003,1,79.61602800000003,1,79.61602800000003,1,74.64001500000006,1,34.83203100000003,1,-9.952025999999933,0,24.880004999999983,1,14.92804000000001,1,14.92804000000001,1,14.92804000000001,1,58.38372800000002,1,68.38372800000002,1,58.38372800000002,1
"Anies Longgarkan PSBB DKI, Begini Gerak IHSG di Sesi II",2020-06-04,701.616272,332899300.0,29.856018000000063,1,79.61602800000003,1,79.61602800000003,1,79.61602800000003,1,74.64001500000006,1,34.83203100000003,1,-9.952025999999933,0,24.880004999999983,1,14.92804000000001,1,14.92804000000001,1,14.92804000000001,1,58.38372800000002,1,68.38372800000002,1,58.38372800000002,1
"IHSG Loyo, 5 Saham BUMN LQ45 Ini Terbang Diborong Asing",2020-06-04,701.616272,332899300.0,29.856018000000063,1,79.61602800000003,1,79.61602800000003,1,79.61602800000003,1,74.64001500000006,1,34.83203100000003,1,-9.952025999999933,0,24.880004999999983,1,14.92804000000001,1,14.92804000000001,1,14.92804000000001,1,58.38372800000002,1,68.38372800000002,1,58.38372800000002,1
"Usai ADHI & PTPP, Siap-siap Erick Rombak Pengurus WSKT & WIKA",2020-06-05,731.47229,107123400.0,49.760009999999966,1,49.760009999999966,1,49.760009999999966,1,44.783997,1,4.976012999999966,1,-39.808043999999995,0,-4.97601300000008,0,-14.927978000000053,0,-14.927978000000053,0,-14.927978000000053,0,28.527709999999956,1,38.527709999999956,1,28.527709999999956,1,13.527709999999956,1
Saham 4 BUMN Karya Terbang! Ternyata Ini Penyebabnya,2020-06-05,731.47229,107123400.0,49.760009999999966,1,49.760009999999966,1,49.760009999999966,1,44.783997,1,4.976012999999966,1,-39.808043999999995,0,-4.97601300000008,0,-14.927978000000053,0,-14.927978000000053,0,-14.927978000000053,0,28.527709999999956,1,38.527709999999956,1,28.527709999999956,1,13.527709999999956,1
"Jadi Bos Hutama Karya, Ini Sepak Terjang Budi Harto",2020-06-05,731.47229,107123400.0,49.760009999999966,1,49.760009999999966,1,49.760009999999966,1,44.783997,1,4.976012999999966,1,-39.808043999999995,0,-4.97601300000008,0,-14.927978000000053,0,-14.927978000000053,0,-14.927978000000053,0,28.527709999999956,1,38.527709999999956,1,28.527709999999956,1,13.527709999999956,1
"Erick Tunjuk Destiawan Jadi Dirut Waskita, Fadjroel Komisaris",2020-06-05,731.47229,107123400.0,49.760009999999966,1,49.760009999999966,1,49.760009999999966,1,44.783997,1,4.976012999999966,1,-39.808043999999995,0,-4.97601300000008,0,-14.927978000000053,0,-14.927978000000053,0,-14.927978000000053,0,28.527709999999956,1,38.527709999999956,1,28.527709999999956,1,13.527709999999956,1
"Harga 4 Saham BUMN Karya Meroket, Siapa Terbaik?",2020-06-08,781.2323,153823000.0,-4.976012999999966,0,-44.783997,0,-89.56805399999996,0,-54.736023000000046,0,-64.68798800000002,0,-64.68798800000002,0,-64.68798800000002,0,-21.23230000000001,0,-11.23230000000001,0,-21.23230000000001,0,-36.23230000000001,0,-46.23230000000001,0,-46.23230000000001,0,-46.23230000000001,0
"Erick Rombak Direksi BUMN Karya, Mal Siap Buka 15 Juni",2020-06-08,781.2323,153823000.0,-4.976012999999966,0,-44.783997,0,-89.56805399999996,0,-54.736023000000046,0,-64.68798800000002,0,-64.68798800000002,0,-64.68798800000002,0,-21.23230000000001,0,-11.23230000000001,0,-21.23230000000001,0,-36.23230000000001,0,-46.23230000000001,0,-46.23230000000001,0,-46.23230000000001,0
"Wijaya Karya RUPS Hari Ini, Erick Bakal Copot Direksi?",2020-06-08,781.2323,153823000.0,-4.976012999999966,0,-44.783997,0,-89.56805399999996,0,-54.736023000000046,0,-64.68798800000002,0,-64.68798800000002,0,-64.68798800000002,0,-21.23230000000001,0,-11.23230000000001,0,-21.23230000000001,0,-36.23230000000001,0,-46.23230000000001,0,-46.23230000000001,0,-46.23230000000001,0
"Sentimen Negatif Bertebaran, IHSG Susah Rebound",2020-06-11,691.664246,57273900.0,34.832030999999915,1,24.880065999999943,1,24.880065999999943,1,24.880065999999943,1,68.33575399999995,1,78.33575399999995,1,68.33575399999995,1,53.33575399999995,1,43.33575399999995,1,43.33575399999995,1,43.33575399999995,1,33.33575399999995,1,43.33575399999995,1,23.33575399999995,1
"DPR Panggil Bos-bos BUMN, Bahas Dana PEN Rp143,63 Triliun",2020-06-22,735.0,12458100.0,-10.0,0,0.0,0,-20.0,0,-15.0,0,-25.0,0,-25.0,0,-25.0,0,-25.0,0,-35.0,0,0.0,0,-25.0,0,-15.0,0,-15.0,0,-15.0,0
"BUMN Dapat Rp 143,6 T, Setoran Dividen Tahun Depan akan Seret",2020-06-23,725.0,15201800.0,10.0,1,-10.0,0,-5.0,0,-15.0,0,-15.0,0,-15.0,0,-15.0,0,-25.0,0,10.0,1,-15.0,0,-5.0,0,-5.0,0,-5.0,0,-15.0,0
"7 BUMN Tekor Ini Disentil Sri Mulyani, 2 Mulai Cetak Laba Nih",2020-06-23,725.0,15201800.0,10.0,1,-10.0,0,-5.0,0,-15.0,0,-15.0,0,-15.0,0,-15.0,0,-25.0,0,10.0,1,-15.0,0,-5.0,0,-5.0,0,-5.0,0,-15.0,0
"Pengusaha: BUMN Mudah Dapat Triliunan, Swasta Survive Sendiri",2020-06-24,735.0,15296900.0,-20.0,0,-15.0,0,-25.0,0,-25.0,0,-25.0,0,-25.0,0,-35.0,0,0.0,0,-25.0,0,-15.0,0,-15.0,0,-15.0,0,-25.0,0,-10.0,0
Jadi Berapa Utang Pemerintah ke Wika & Waskita Karya?,2020-07-01,700.0,25795000.0,35.0,1,10.0,1,20.0,1,20.0,1,20.0,1,10.0,1,25.0,1,25.0,1,15.0,1,15.0,1,15.0,1,15.0,1,15.0,1,20.0,1
"Ayo-ayo.. Dijual Nih Tol Waskita Rp 7 T, Silakan yang Minat",2020-07-01,700.0,25795000.0,35.0,1,10.0,1,20.0,1,20.0,1,20.0,1,10.0,1,25.0,1,25.0,1,15.0,1,15.0,1,15.0,1,15.0,1,15.0,1,20.0,1
"DPR Pertanyakan 14 Proyek Fiktif Waskita, Diperiksa KPK?",2020-07-01,700.0,25795000.0,35.0,1,10.0,1,20.0,1,20.0,1,20.0,1,10.0,1,25.0,1,25.0,1,15.0,1,15.0,1,15.0,1,15.0,1,15.0,1,20.0,1
"Jababeka Rugi, Garuda Rugi, Laba KFC Ambles di Q1",2020-07-02,735.0,87488300.0,-25.0,0,-15.0,0,-15.0,0,-15.0,0,-25.0,0,-10.0,0,-10.0,0,-20.0,0,-20.0,0,-20.0,0,-20.0,0,-20.0,0,-15.0,0,-10.0,0
"Semester I-2020, Semua Saham BUMN Merah & Ada yang Drop 52%",2020-07-02,735.0,87488300.0,-25.0,0,-15.0,0,-15.0,0,-15.0,0,-25.0,0,-10.0,0,-10.0,0,-20.0,0,-20.0,0,-20.0,0,-20.0,0,-20.0,0,-15.0,0,-10.0,0
"Erick Thohir ke KPK, Konsultasi Dana PEN untuk BUMN Rp 143 T",2020-07-08,725.0,60358800.0,0.0,0,-10.0,0,-10.0,0,-10.0,0,-10.0,0,-10.0,0,-5.0,0,0.0,0,0.0,0,-15.0,0,-15.0,0,-15.0,0,-5.0,0,-15.0,0
Jreeeng... Diam-diam Erick Thohir Sambangi KPK Demi Rp 143 T,2020-07-08,725.0,60358800.0,0.0,0,-10.0,0,-10.0,0,-10.0,0,-10.0,0,-10.0,0,-5.0,0,0.0,0,0.0,0,-15.0,0,-15.0,0,-15.0,0,-5.0,0,-15.0,0
"Diam-diam ke KPK, Ini Daftar BUMN yang Dikawal Erick Thohir",2020-07-09,725.0,159171800.0,-10.0,0,-10.0,0,-10.0,0,-10.0,0,-10.0,0,-5.0,0,0.0,0,0.0,0,-15.0,0,-15.0,0,-15.0,0,-5.0,0,-15.0,0,5.0,1
"Erick Thohir Sowan ke KPK, Saham Garuda, KRAS & KAEF Melesat!",2020-07-09,725.0,159171800.0,-10.0,0,-10.0,0,-10.0,0,-10.0,0,-10.0,0,-5.0,0,0.0,0,0.0,0,-15.0,0,-15.0,0,-15.0,0,-5.0,0,-15.0,0,5.0,1
"Erick Thohir, KPK, dan Pengamanan Uang Rp 143 T",2020-07-10,715.0,54453800.0,0.0,0,0.0,0,0.0,0,0.0,0,5.0,1,10.0,1,10.0,1,-5.0,0,-5.0,0,-5.0,0,5.0,1,-5.0,0,15.0,1,-5.0,0
"Erick Thohir Diam-diam ke KPK, Demi Jaga Rp 143 T Dana BUMN",2020-07-11,715.0,39161200.0,0.0,0,0.0,0,0.0,0,5.0,1,10.0,1,10.0,1,-5.0,0,-5.0,0,-5.0,0,5.0,1,-5.0,0,15.0,1,-5.0,0,-45.0,0
DPR Panggil Bos BUMN Penerima Suntikan Modal Rp 143 T,2020-07-14,715.0,35031000.0,5.0,1,10.0,1,10.0,1,-5.0,0,-5.0,0,-5.0,0,5.0,1,-5.0,0,15.0,1,-5.0,0,-45.0,0,-45.0,0,-45.0,0,-50.0,0
DPR Panggil Erick Thohir Bahas Dana Talangan Hingga PMN 2020,2020-07-15,720.0,65240100.0,5.0,1,5.0,1,-10.0,0,-10.0,0,-10.0,0,0.0,0,-10.0,0,10.0,1,-10.0,0,-50.0,0,-50.0,0,-50.0,0,-55.0,0,-60.0,0
"Tok! DPR Restui Kucuran Dana Rp 151,1 T ke BUMN Ini",2020-07-15,720.0,65240100.0,5.0,1,5.0,1,-10.0,0,-10.0,0,-10.0,0,0.0,0,-10.0,0,10.0,1,-10.0,0,-50.0,0,-50.0,0,-50.0,0,-55.0,0,-60.0,0
"Aduh, Utang Luar Negeri BUMN Makin Meroket!",2020-07-18,710.0,26329400.0,0.0,0,0.0,0,10.0,1,0.0,0,20.0,1,0.0,0,-40.0,0,-40.0,0,-40.0,0,-45.0,0,-50.0,0,-85.0,0,-125.0,0,-125.0,0
"Proyek Fiktif WSKT, KPK Tetapkan Eks Bos JSMR Jadi Tersangka",2020-07-23,730.0,69557800.0,-20.0,0,-60.0,0,-60.0,0,-60.0,0,-65.0,0,-70.0,0,-105.0,0,-145.0,0,-145.0,0,-145.0,0,-145.0,0,-130.0,0,-105.0,0,-105.0,0
"Jerat Eks Bos JSMR, Ini Fakta-fakta Proyek Fiktif WSKT",2020-07-23,730.0,69557800.0,-20.0,0,-60.0,0,-60.0,0,-60.0,0,-65.0,0,-70.0,0,-105.0,0,-145.0,0,-145.0,0,-145.0,0,-145.0,0,-130.0,0,-105.0,0,-105.0,0
Bos WSBP Dijemput Paksa & Jadi Tersangka Korupsi WSKT,2020-07-23,730.0,69557800.0,-20.0,0,-60.0,0,-60.0,0,-60.0,0,-65.0,0,-70.0,0,-105.0,0,-145.0,0,-145.0,0,-145.0,0,-145.0,0,-130.0,0,-105.0,0,-105.0,0
"Tersangka KPK, Ini Profil Desi Arryani eks Bos Jasa Marga",2020-07-23,730.0,69557800.0,-20.0,0,-60.0,0,-60.0,0,-60.0,0,-65.0,0,-70.0,0,-105.0,0,-145.0,0,-145.0,0,-145.0,0,-145.0,0,-130.0,0,-105.0,0,-105.0,0
"Dirut Ditangkap KPK, Begini Gerak Saham WSBP",2020-07-24,710.0,43947300.0,-40.0,0,-40.0,0,-40.0,0,-45.0,0,-50.0,0,-85.0,0,-125.0,0,-125.0,0,-125.0,0,-125.0,0,-110.0,0,-85.0,0,-85.0,0,-90.0,0
"Didepak dari LQ45, Saham WSKT, LPPF & BRPT Rontok!",2020-07-27,670.0,127336900.0,-5.0,0,-10.0,0,-45.0,0,-85.0,0,-85.0,0,-85.0,0,-85.0,0,-70.0,0,-45.0,0,-45.0,0,-50.0,0,-40.0,0,-40.0,0,-40.0,0
"BRPT, LPFF & WSKT Terlempar dari IDX30, Siapa Penggantinya?",2020-07-27,670.0,127336900.0,-5.0,0,-10.0,0,-45.0,0,-85.0,0,-85.0,0,-85.0,0,-85.0,0,-70.0,0,-45.0,0,-45.0,0,-50.0,0,-40.0,0,-40.0,0,-40.0,0
"Ini Dia 3 Saham Penghuni Baru LQ45, BRPT, WSKT & LPPF Didepak",2020-07-27,670.0,127336900.0,-5.0,0,-10.0,0,-45.0,0,-85.0,0,-85.0,0,-85.0,0,-85.0,0,-70.0,0,-45.0,0,-45.0,0,-50.0,0,-40.0,0,-40.0,0,-40.0,0
"Duh! Ada Kasus Proyek Fiktif, Saham WSBP & WSKT Babak Belur",2020-07-27,670.0,127336900.0,-5.0,0,-10.0,0,-45.0,0,-85.0,0,-85.0,0,-85.0,0,-85.0,0,-70.0,0,-45.0,0,-45.0,0,-50.0,0,-40.0,0,-40.0,0,-40.0,0
"Himbara Sudah Salurkan Rp 32 T, Laba BCA Capai Rp 12,2 T",2020-07-28,665.0,78707100.0,-5.0,0,-40.0,0,-80.0,0,-80.0,0,-80.0,0,-80.0,0,-65.0,0,-40.0,0,-40.0,0,-45.0,0,-35.0,0,-35.0,0,-35.0,0,-10.0,0
"Waduh, Waskita Beton Gagal Bayar Bunga Obligasi",2020-07-30,625.0,147365700.0,-40.0,0,-40.0,0,-40.0,0,-40.0,0,-25.0,0,0.0,0,0.0,0,-5.0,0,5.0,1,5.0,1,5.0,1,30.0,1,30.0,1,15.0,1
"Derita WSBP: Dirut Ditangkap, Kupon Obligasi Gagal Bayar!",2020-07-30,625.0,147365700.0,-40.0,0,-40.0,0,-40.0,0,-40.0,0,-25.0,0,0.0,0,0.0,0,-5.0,0,5.0,1,5.0,1,5.0,1,30.0,1,30.0,1,15.0,1
"Gagal Bayar Bunga Obligasi, Ini Penjelasan Waskita Beton",2020-07-30,625.0,147365700.0,-40.0,0,-40.0,0,-40.0,0,-40.0,0,-25.0,0,0.0,0,0.0,0,-5.0,0,5.0,1,5.0,1,5.0,1,30.0,1,30.0,1,15.0,1
"Gagal Bayar Bunga Obligasi, Saham WSBP Disuspensi Bursa",2020-07-30,625.0,147365700.0,-40.0,0,-40.0,0,-40.0,0,-40.0,0,-25.0,0,0.0,0,0.0,0,-5.0,0,5.0,1,5.0,1,5.0,1,30.0,1,30.0,1,15.0,1
"Bakal Ada 3 Penghuni Baru, Ini Dia 5 Saham Jawara Indeks LQ45",2020-07-30,625.0,147365700.0,-40.0,0,-40.0,0,-40.0,0,-40.0,0,-25.0,0,0.0,0,0.0,0,-5.0,0,5.0,1,5.0,1,5.0,1,30.0,1,30.0,1,15.0,1
"Sempat Tertunda, Waskita Beton Akhirnya Bayar Bunga Obligasi",2020-08-04,600.0,42640800.0,25.0,1,25.0,1,20.0,1,30.0,1,30.0,1,30.0,1,55.0,1,55.0,1,40.0,1,40.0,1,60.0,1,60.0,1,60.0,1,60.0,1
Hati-hati Trading! 5 Saham Ini Babak Belur Kemarin,2020-08-05,625.0,46806200.0,0.0,0,-5.0,0,5.0,1,5.0,1,5.0,1,30.0,1,30.0,1,15.0,1,15.0,1,35.0,1,35.0,1,35.0,1,35.0,1,35.0,1
Seberapa Menarik 3 Anggota Baru Indeks LQ45?,2020-08-07,620.0,11909300.0,10.0,1,10.0,1,10.0,1,35.0,1,35.0,1,20.0,1,20.0,1,40.0,1,40.0,1,40.0,1,40.0,1,40.0,1,55.0,1,55.0,1
"Ya Ampun, Utang Luar Negeri BUMN Menggunung Sampai Rp 874 T",2020-08-15,660.0,61595200.0,0.0,0,0.0,0,0.0,0,0.0,0,15.0,1,15.0,1,15.0,1,15.0,1,15.0,1,30.0,1,25.0,1,15.0,1,5.0,1,-10.0,0
"Konstruksi Tol Cibitung Ambruk, Begini Nasib Saham WSKT-WSBP",2020-08-18,660.0,61595200.0,0.0,0,15.0,1,15.0,1,15.0,1,15.0,1,15.0,1,30.0,1,25.0,1,15.0,1,5.0,1,-10.0,0,-10.0,0,-10.0,0,-15.0,0
"Ambruk Lagi, 3 Tahun Ada 8 Kecelakaan di Proyek Waskita Karya",2020-08-19,660.0,24601800.0,15.0,1,15.0,1,15.0,1,15.0,1,15.0,1,30.0,1,25.0,1,15.0,1,5.0,1,-10.0,0,-10.0,0,-10.0,0,-15.0,0,-15.0,0
"Wah, 8 Calon Investor Jajaki Beli 2 Ruas Tol Waskita Rp 6 T",2020-08-24,675.0,44013400.0,15.0,1,10.0,1,0.0,0,-10.0,0,-25.0,0,-25.0,0,-25.0,0,-30.0,0,-30.0,0,-40.0,0,-50.0,0,-45.0,0,-45.0,0,-45.0,0
"8 Investor Siap Beli Tol WSKT, Kookmin Bakal Pegang 67% BBKP",2020-08-25,690.0,41409700.0,-5.0,0,-15.0,0,-25.0,0,-40.0,0,-40.0,0,-40.0,0,-45.0,0,-45.0,0,-55.0,0,-65.0,0,-60.0,0,-60.0,0,-60.0,0,-60.0,0
"Jatuh Tempo Oktober 2020, Waskita Siap Bayar Obligasi Rp2,5 T",2020-08-25,690.0,41409700.0,-5.0,0,-15.0,0,-25.0,0,-40.0,0,-40.0,0,-40.0,0,-45.0,0,-45.0,0,-55.0,0,-65.0,0,-60.0,0,-60.0,0,-60.0,0,-60.0,0
"Modal Kerja, Waskita Suntik Utang Waskita Toll Road Rp 4,5 T",2020-08-31,650.0,41232000.0,-5.0,0,-5.0,0,-15.0,0,-25.0,0,-20.0,0,-20.0,0,-20.0,0,-20.0,0,-35.0,0,-75.0,0,-80.0,0,-60.0,0,-60.0,0,-60.0,0
"Ramai Emiten Jual Aset, Ada Apa Ini?",2020-09-02,645.0,15189700.0,-10.0,0,-20.0,0,-15.0,0,-15.0,0,-15.0,0,-15.0,0,-30.0,0,-70.0,0,-75.0,0,-55.0,0,-55.0,0,-55.0,0,-60.0,0,-65.0,0
"Jual 30% Saham Tol Becakayu Jadi RDPT, Waskita Raih Rp 550 M",2020-09-03,635.0,16950100.0,-10.0,0,-5.0,0,-5.0,0,-5.0,0,-5.0,0,-20.0,0,-60.0,0,-65.0,0,-45.0,0,-45.0,0,-45.0,0,-50.0,0,-55.0,0,-65.0,0
"Proyek Fiktif Disidik KPK, WSKT Jelaskan Dampak ke Kinerja",2020-09-21,555.0,14771200.0,-30.0,0,-45.0,0,-65.0,0,-50.0,0,-40.0,0,-40.0,0,-40.0,0,-45.0,0,-57.0,0,-45.0,0,-55.0,0,-40.0,0,-40.0,0,-40.0,0
"Sebelum Cari Cuan, Simak Dulu 10 Kabar Pasar ""Hot"" Ini!",2020-09-22,525.0,33209400.0,-15.0,0,-35.0,0,-20.0,0,-10.0,0,-10.0,0,-10.0,0,-15.0,0,-27.0,0,-15.0,0,-25.0,0,-10.0,0,-10.0,0,-10.0,0,15.0,1
Sudah Berapa BUMN yang Pengurusnya Dirombak Erick Thohir?,2020-09-25,505.0,55456700.0,10.0,1,10.0,1,10.0,1,5.0,1,-7.0,0,5.0,1,-5.0,0,10.0,1,10.0,1,10.0,1,35.0,1,35.0,1,40.0,1,80.0,1
Fitch Ubah Rating Perusahaan Ini jadi CCC+,2020-10-08,545.0,19211500.0,40.0,1,105.0,1,105.0,1,105.0,1,160.0,1,170.0,1,145.0,1,170.0,1,185.0,1,185.0,1,185.0,1,170.0,1,225.0,1,220.0,1
UU Ciptaker Jokowi Bikin Saham Konstruksi BUMN Cuan Gede,2020-10-09,585.0,58359900.0,65.0,1,65.0,1,65.0,1,120.0,1,130.0,1,105.0,1,130.0,1,145.0,1,145.0,1,145.0,1,130.0,1,185.0,1,180.0,1,165.0,1
Diam-diam Saham Waskita Melesat 35% & Diborong Asing,2020-10-14,715.0,131879000.0,-25.0,0,0.0,0,15.0,1,15.0,1,15.0,1,0.0,0,55.0,1,50.0,1,35.0,1,40.0,1,40.0,1,40.0,1,25.0,1,5.0,1
"Saham Konstruksi Jadi Idola, Mulai Diborong Asing & Cuan Gede",2020-10-14,715.0,131879000.0,-25.0,0,0.0,0,15.0,1,15.0,1,15.0,1,0.0,0,55.0,1,50.0,1,35.0,1,40.0,1,40.0,1,40.0,1,25.0,1,5.0,1
"Investor Borong Saham Waskita dkk Saat IHSG Merah, Ada Apa?",2020-10-22,765.0,266578500.0,-15.0,0,-10.0,0,-10.0,0,-10.0,0,-25.0,0,-45.0,0,-45.0,0,-45.0,0,-45.0,0,-45.0,0,-45.0,0,-10.0,0,-30.0,0,-15.0,0
"Penantian Waskita, Dana Abadi akan Bantu Divestasi Ruas Tol",2020-10-27,740.0,40292600.0,-20.0,0,-20.0,0,-20.0,0,-20.0,0,-20.0,0,-20.0,0,15.0,1,-5.0,0,10.0,1,10.0,1,50.0,1,50.0,1,50.0,1,140.0,1
Catat! 1 dari 4 Anak Usaha Waskita Karya Bakal IPO di 2021,2020-10-27,740.0,40292600.0,-20.0,0,-20.0,0,-20.0,0,-20.0,0,-20.0,0,-20.0,0,15.0,1,-5.0,0,10.0,1,10.0,1,50.0,1,50.0,1,50.0,1,140.0,1
"Tahun Ini Waskita Karya Lepas 2 Ruas Tol, Mana Saja?",2020-10-28,720.0,45188300.0,0.0,0,0.0,0,0.0,0,0.0,0,0.0,0,35.0,1,15.0,1,30.0,1,30.0,1,70.0,1,70.0,1,70.0,1,160.0,1,210.0,1
"Bosque! Simak 10 Saham Tercuan di Oktober, Ada BRIS & ANTM",2020-11-02,720.0,45188300.0,35.0,1,15.0,1,30.0,1,30.0,1,70.0,1,70.0,1,70.0,1,160.0,1,210.0,1,195.0,1,220.0,1,300.0,1,300.0,1,300.0,1
"OJK Cabut Izin Perusahaan Sandi-Rosan, Hero dkk Cetak Rugi Q3",2020-11-02,720.0,45188300.0,35.0,1,15.0,1,30.0,1,30.0,1,70.0,1,70.0,1,70.0,1,160.0,1,210.0,1,195.0,1,220.0,1,300.0,1,300.0,1,300.0,1
Lagi! Erick Tunjuk Relawan Jokowi Jadi Komisaris PT PELNI,2020-11-02,720.0,45188300.0,35.0,1,15.0,1,30.0,1,30.0,1,70.0,1,70.0,1,70.0,1,160.0,1,210.0,1,195.0,1,220.0,1,300.0,1,300.0,1,300.0,1
"IHSG 'Pesta Pora' Biden Bakal Menang, Terbang Nyaris 2%",2020-11-05,750.0,105164600.0,0.0,0,40.0,1,40.0,1,40.0,1,130.0,1,180.0,1,165.0,1,190.0,1,270.0,1,270.0,1,270.0,1,255.0,1,275.0,1,310.0,1
"Biden Unggul, Ini 5 Saham yang Dikoleksi & Dilepas Asing",2020-11-06,750.0,83860900.0,40.0,1,40.0,1,40.0,1,130.0,1,180.0,1,165.0,1,190.0,1,270.0,1,270.0,1,270.0,1,255.0,1,275.0,1,310.0,1,275.0,1
"10 Saham BUMN Ini Ngamuk, Efek Mansurmologi atau Erickmologi?",2020-11-10,880.0,414122000.0,50.0,1,35.0,1,60.0,1,140.0,1,140.0,1,140.0,1,125.0,1,145.0,1,180.0,1,145.0,1,215.0,1,215.0,1,215.0,1,205.0,1
BUMN Karya Gencar Kejar Proyek Hingga ke Luar Negeri,2020-11-12,915.0,141324200.0,25.0,1,105.0,1,105.0,1,105.0,1,90.0,1,110.0,1,145.0,1,110.0,1,180.0,1,180.0,1,180.0,1,170.0,1,130.0,1,140.0,1
"10 Saham Ini ""Kesetanan"" Pekan Lalu, Ada 5 BUMN Gengs!",2020-11-16,1020.0,304716100.0,-15.0,0,5.0,1,40.0,1,5.0,1,75.0,1,75.0,1,75.0,1,65.0,1,25.0,1,35.0,1,90.0,1,20.0,1,20.0,1,20.0,1
"Usai BRI Syariah & Garuda, Yusuf Mansur Bidik Saham-saham Ini",2020-11-16,1020.0,304716100.0,-15.0,0,5.0,1,40.0,1,5.0,1,75.0,1,75.0,1,75.0,1,65.0,1,25.0,1,35.0,1,90.0,1,20.0,1,20.0,1,20.0,1
"Jokowi Geber Pembangunan Tol, Saham Konstruksi Beterbangan",2020-11-16,1020.0,304716100.0,-15.0,0,5.0,1,40.0,1,5.0,1,75.0,1,75.0,1,75.0,1,65.0,1,25.0,1,35.0,1,90.0,1,20.0,1,20.0,1,20.0,1
Saham Jalan Tol Ngamuk! Efek Yusuf Mansur atau Joglosemar?,2020-11-16,1020.0,304716100.0,-15.0,0,5.0,1,40.0,1,5.0,1,75.0,1,75.0,1,75.0,1,65.0,1,25.0,1,35.0,1,90.0,1,20.0,1,20.0,1,20.0,1
"10 Saham Ini Untung Gede Kemarin, Ada 6 Saham Konstruksi!",2020-11-17,1005.0,252255500.0,20.0,1,55.0,1,20.0,1,90.0,1,90.0,1,90.0,1,80.0,1,40.0,1,50.0,1,105.0,1,35.0,1,35.0,1,35.0,1,65.0,1
"Wow! Emiten Konstruksi Ngamuk Lagi, Saham-saham Ini Pelakunya",2020-11-17,1005.0,252255500.0,20.0,1,55.0,1,20.0,1,90.0,1,90.0,1,90.0,1,80.0,1,40.0,1,50.0,1,105.0,1,35.0,1,35.0,1,35.0,1,65.0,1
"Ajak Anak Muda Melek Saham, Ini 3 Sektor Pilihan Yusuf Mansur",2020-11-19,1060.0,125913300.0,-35.0,0,35.0,1,35.0,1,35.0,1,25.0,1,-15.0,0,-5.0,0,50.0,1,-20.0,0,-20.0,0,-20.0,0,10.0,1,75.0,1,105.0,1
Waskita Toll Road Raih Rp550 M dari Emisi RDPT Infrastruktur,2020-11-19,1060.0,125913300.0,-35.0,0,35.0,1,35.0,1,35.0,1,25.0,1,-15.0,0,-5.0,0,50.0,1,-20.0,0,-20.0,0,-20.0,0,10.0,1,75.0,1,105.0,1
"Izin 5 Broker Saham Dicabut BEI, Sentul City Digugat PKPU",2020-11-20,1025.0,122164700.0,70.0,1,70.0,1,70.0,1,60.0,1,20.0,1,30.0,1,85.0,1,15.0,1,15.0,1,15.0,1,45.0,1,110.0,1,140.0,1,140.0,1
"Kala Yusuf Mansur Main Saham BRIS & Garuda, Bidik Mana Lagi?",2020-11-21,1095.0,129644500.0,0.0,0,0.0,0,-10.0,0,-50.0,0,-40.0,0,15.0,1,-55.0,0,-55.0,0,-55.0,0,-25.0,0,40.0,1,70.0,1,70.0,1,105.0,1
"Luhut Bawa Oleh-oleh Rp 28 T, Bikin Saham Konstruksi Terbang",2020-11-24,1085.0,237320500.0,-40.0,0,-30.0,0,25.0,1,-45.0,0,-45.0,0,-45.0,0,-15.0,0,50.0,1,80.0,1,80.0,1,115.0,1,115.0,1,115.0,1,95.0,1
"Saham ADHI dkk Cuan Gede, Gegara Luhut Bawa Pulang Rp 28 T?",2020-11-24,1085.0,237320500.0,-40.0,0,-30.0,0,25.0,1,-45.0,0,-45.0,0,-45.0,0,-15.0,0,50.0,1,80.0,1,80.0,1,115.0,1,115.0,1,115.0,1,95.0,1
"Hingga Oktober, Waskita Karya Kantongi Kontrak Baru Rp 15 T",2020-11-25,1045.0,172017400.0,10.0,1,65.0,1,-5.0,0,-5.0,0,-5.0,0,25.0,1,90.0,1,120.0,1,120.0,1,155.0,1,155.0,1,155.0,1,135.0,1,110.0,1
"Tak Peduli Menteri Edhy Ditangkap KPK, Saham BUMN Meroket",2020-11-25,1045.0,172017400.0,10.0,1,65.0,1,-5.0,0,-5.0,0,-5.0,0,25.0,1,90.0,1,120.0,1,120.0,1,155.0,1,155.0,1,155.0,1,135.0,1,110.0,1
"Biar Update, Simak 10 Kabar dari Aksi Korporasi Emiten",2020-11-26,1055.0,69803000.0,55.0,1,-15.0,0,-15.0,0,-15.0,0,15.0,1,80.0,1,110.0,1,110.0,1,145.0,1,145.0,1,145.0,1,125.0,1,100.0,1,100.0,1
"Pakai Precast Waskita Beton, Bangun Rumah Selesai Sebulan",2020-11-30,1040.0,213213200.0,30.0,1,95.0,1,125.0,1,125.0,1,160.0,1,160.0,1,160.0,1,140.0,1,115.0,1,115.0,1,120.0,1,160.0,1,160.0,1,160.0,1
Mansurmology: Yusuf Mansur Bicara Saham BUMN Karya Nih,2020-11-30,1040.0,213213200.0,30.0,1,95.0,1,125.0,1,125.0,1,160.0,1,160.0,1,160.0,1,140.0,1,115.0,1,115.0,1,120.0,1,160.0,1,160.0,1,160.0,1
"Covid-19 Bikin Kacau, 6 Saham Ini Hancur Lebur & Hampir ARB",2020-12-01,1070.0,112682000.0,65.0,1,95.0,1,95.0,1,130.0,1,130.0,1,130.0,1,110.0,1,85.0,1,85.0,1,90.0,1,130.0,1,130.0,1,130.0,1,120.0,1
"Incar Rp 11 T, Waskita Karya Bakal Divestasi 9 Ruas Tol",2020-12-01,1070.0,112682000.0,65.0,1,95.0,1,95.0,1,130.0,1,130.0,1,130.0,1,110.0,1,85.0,1,85.0,1,90.0,1,130.0,1,130.0,1,130.0,1,120.0,1
Ini 10 Kabar yang Patut Disimak Sebelum Pilih Saham Cuan,2020-12-02,1135.0,150041600.0,30.0,1,30.0,1,65.0,1,65.0,1,65.0,1,45.0,1,20.0,1,20.0,1,25.0,1,65.0,1,65.0,1,65.0,1,55.0,1,75.0,1
Ini 11 Ruas Tol Waskita yang Bakal Dilepas Seharga Rp 11 T,2020-12-02,1135.0,150041600.0,30.0,1,30.0,1,65.0,1,65.0,1,65.0,1,45.0,1,20.0,1,20.0,1,25.0,1,65.0,1,65.0,1,65.0,1,55.0,1,75.0,1
Top! 3 Saham BUMN Konstruksi Diburu Investor Meski IHSG Merah,2020-12-04,1165.0,95984700.0,35.0,1,35.0,1,35.0,1,15.0,1,-10.0,0,-10.0,0,-5.0,0,35.0,1,35.0,1,35.0,1,25.0,1,45.0,1,290.0,1,335.0,1
"Saham Konstruksi & Semen 'Kerasukan', Ternyata Gegara Ini Toh",2020-12-17,1455.0,711017500.0,45.0,1,55.0,1,55.0,1,55.0,1,-40.0,0,-60.0,0,-55.0,0,-55.0,0,-55.0,0,-55.0,0,-55.0,0,30.0,1,-15.0,0,45.0,1
"Jokowi Bikin Saham ADHI-WSKT Cs Melesat, Masih Layak Koleksi?",2020-12-18,1500.0,421400300.0,10.0,1,10.0,1,10.0,1,-85.0,0,-105.0,0,-100.0,0,-100.0,0,-100.0,0,-100.0,0,-100.0,0,-15.0,0,-60.0,0,0.0,0,0.0,0
"Berburu Saham Cuan Gokil Lagi, Ini Sederet Pilihannya",2020-12-18,1500.0,421400300.0,10.0,1,10.0,1,10.0,1,-85.0,0,-105.0,0,-100.0,0,-100.0,0,-100.0,0,-100.0,0,-100.0,0,-15.0,0,-60.0,0,0.0,0,0.0,0
"Minggir Semua, 10 Saham Ini Cuan Gede! Ada Grup Bakrie",2020-12-18,1500.0,421400300.0,10.0,1,10.0,1,10.0,1,-85.0,0,-105.0,0,-100.0,0,-100.0,0,-100.0,0,-100.0,0,-100.0,0,-15.0,0,-60.0,0,0.0,0,0.0,0
"Digoyang Sentimen Materai Ceban, Cek Dulu Saham Pilihan Ini!",2020-12-21,1510.0,258549200.0,-95.0,0,-115.0,0,-110.0,0,-110.0,0,-110.0,0,-110.0,0,-110.0,0,-25.0,0,-70.0,0,-10.0,0,-10.0,0,-10.0,0,-10.0,0,-10.0,0
"Disenggol Mansurmology, Saham Konstruksi Gila-gilaan!",2020-12-21,1510.0,258549200.0,-95.0,0,-115.0,0,-110.0,0,-110.0,0,-110.0,0,-110.0,0,-110.0,0,-25.0,0,-70.0,0,-10.0,0,-10.0,0,-10.0,0,-10.0,0,-10.0,0
Bakal Ada Menteri Baru! Cek Dulu Saham-saham Pilihan Hari Ini,2020-12-22,1415.0,228597600.0,-20.0,0,-15.0,0,-15.0,0,-15.0,0,-15.0,0,-15.0,0,70.0,1,25.0,1,85.0,1,85.0,1,85.0,1,85.0,1,85.0,1,90.0,1
Belvin Sebut SWF Jadi Sentimen Super Positif Saham WSBP,2020-12-26,1400.0,146693500.0,0.0,0,0.0,0,85.0,1,40.0,1,100.0,1,100.0,1,100.0,1,100.0,1,100.0,1,105.0,1,260.0,1,270.0,1,250.0,1,265.0,1
Saham Anak BUMN Konstruksi Ngamuk! Ada Apa nih?,2020-12-28,1400.0,146693500.0,85.0,1,40.0,1,100.0,1,100.0,1,100.0,1,100.0,1,100.0,1,105.0,1,260.0,1,270.0,1,250.0,1,265.0,1,265.0,1,265.0,1
Rencana Besar SWF Jokowi: Ekspansi ke Proyek Luar Negeri!,2020-12-28,1400.0,146693500.0,85.0,1,40.0,1,100.0,1,100.0,1,100.0,1,100.0,1,100.0,1,105.0,1,260.0,1,270.0,1,250.0,1,265.0,1,265.0,1,265.0,1
'Sabda' Mansurmology: Pegangin Saham Waskita-Adhi Karya!,2020-12-29,1485.0,513517300.0,-45.0,0,15.0,1,15.0,1,15.0,1,15.0,1,15.0,1,20.0,1,175.0,1,185.0,1,165.0,1,180.0,1,180.0,1,180.0,1,175.0,1
"Waskita Siap Lepas 11 Ruas Tol di 2021 via SWF, Bidik Rp 31 T",2020-12-29,1485.0,513517300.0,-45.0,0,15.0,1,15.0,1,15.0,1,15.0,1,15.0,1,20.0,1,175.0,1,185.0,1,165.0,1,180.0,1,180.0,1,180.0,1,175.0,1
Catat! PTPP Dapat Sentimen Super Positif dari SWF Awal 2021,2020-12-29,1485.0,513517300.0,-45.0,0,15.0,1,15.0,1,15.0,1,15.0,1,15.0,1,20.0,1,175.0,1,185.0,1,165.0,1,180.0,1,180.0,1,180.0,1,175.0,1
Erick Tunjuk Timses Mantu Jokowi Jadi Komisaris Anak BUMN,2020-12-29,1485.0,513517300.0,-45.0,0,15.0,1,15.0,1,15.0,1,15.0,1,15.0,1,20.0,1,175.0,1,185.0,1,165.0,1,180.0,1,180.0,1,180.0,1,175.0,1
"Bye-bye 2020! Ini Rapor 4 BUMN Konstruksi, Ada yang Cuan 200%",2020-12-30,1440.0,318776000.0,60.0,1,60.0,1,60.0,1,60.0,1,60.0,1,65.0,1,220.0,1,230.0,1,210.0,1,225.0,1,225.0,1,225.0,1,220.0,1,275.0,1
Bingung Pilih Saham Apa di Hari Terakhir? Ini Rekomendasinya,2020-12-30,1440.0,318776000.0,60.0,1,60.0,1,60.0,1,60.0,1,60.0,1,65.0,1,220.0,1,230.0,1,210.0,1,225.0,1,225.0,1,225.0,1,220.0,1,275.0,1
"Waskita Jual 11 Ruas Tol, Crazy Rich RI Ini Masuk Bisnis Emas",2020-12-30,1440.0,318776000.0,60.0,1,60.0,1,60.0,1,60.0,1,60.0,1,65.0,1,220.0,1,230.0,1,210.0,1,225.0,1,225.0,1,225.0,1,220.0,1,275.0,1
Tolong Pak Erick! Karyawan BUMN Ini 8 Bulan Belum Gajian,2021-01-05,1505.0,205254700.0,155.0,1,165.0,1,145.0,1,160.0,1,160.0,1,160.0,1,155.0,1,210.0,1,180.0,1,385.0,1,415.0,1,415.0,1,415.0,1,285.0,1
"Mansurmology Sebut Waskita Teken Proyek EBT Rp 12 T, Beneran?",2021-01-05,1505.0,205254700.0,155.0,1,165.0,1,145.0,1,160.0,1,160.0,1,160.0,1,155.0,1,210.0,1,180.0,1,385.0,1,415.0,1,415.0,1,415.0,1,285.0,1
Tolong Pak Erick! Karyawan BUMN Ini 8 Bulan Belum Gajian,2021-01-05,1505.0,205254700.0,155.0,1,165.0,1,145.0,1,160.0,1,160.0,1,160.0,1,155.0,1,210.0,1,180.0,1,385.0,1,415.0,1,415.0,1,415.0,1,285.0,1
Terungkap! Manajemen Istaka Karya Akui 8 Bulan Belum Gajian,2021-01-05,1505.0,205254700.0,155.0,1,165.0,1,145.0,1,160.0,1,160.0,1,160.0,1,155.0,1,210.0,1,180.0,1,385.0,1,415.0,1,415.0,1,415.0,1,285.0,1
"Kasihan... Tak Bisa Diakses, Situs Istaka Karya Belum Bayar",2021-01-05,1505.0,205254700.0,155.0,1,165.0,1,145.0,1,160.0,1,160.0,1,160.0,1,155.0,1,210.0,1,180.0,1,385.0,1,415.0,1,415.0,1,415.0,1,285.0,1
"Untung Gede Sehari, 5 Saham Ini Cuan Double Digit!",2021-01-06,1660.0,834909500.0,10.0,1,-10.0,0,5.0,1,5.0,1,5.0,1,0.0,0,55.0,1,25.0,1,230.0,1,260.0,1,260.0,1,260.0,1,130.0,1,190.0,1
"Waskita-Terregra Duet Garap Proyek EBT Jumbo, Rp 12,5 T",2021-01-06,1660.0,834909500.0,10.0,1,-10.0,0,5.0,1,5.0,1,5.0,1,0.0,0,55.0,1,25.0,1,230.0,1,260.0,1,260.0,1,260.0,1,130.0,1,190.0,1
"Baca Dulu 7 Informasi Penting Ini, Sebelum Serok Cuan",2021-01-06,1660.0,834909500.0,10.0,1,-10.0,0,5.0,1,5.0,1,5.0,1,0.0,0,55.0,1,25.0,1,230.0,1,260.0,1,260.0,1,260.0,1,130.0,1,190.0,1
"Waskita Karya & TGRA Kerja Sama Proyek EBT Senilai Rp 12,5 T",2021-01-06,1660.0,834909500.0,10.0,1,-10.0,0,5.0,1,5.0,1,5.0,1,0.0,0,55.0,1,25.0,1,230.0,1,260.0,1,260.0,1,260.0,1,130.0,1,190.0,1
"Cek! 10 Saham Tercuan-Terboncos, Ada yang 2 Hari Melesat 69%",2021-01-07,1670.0,456581800.0,-20.0,0,-5.0,0,-5.0,0,-5.0,0,-10.0,0,45.0,1,15.0,1,220.0,1,250.0,1,250.0,1,250.0,1,120.0,1,180.0,1,155.0,1
"Ada Sinyal IHSG Rebound, Ini Pilihan Saham Cuan Hari Ini",2021-01-07,1670.0,456581800.0,-20.0,0,-5.0,0,-5.0,0,-5.0,0,-10.0,0,45.0,1,15.0,1,220.0,1,250.0,1,250.0,1,250.0,1,120.0,1,180.0,1,155.0,1
Gokil! Sepekan Bisa Cuan 80% dari Saham Ini,2021-01-09,1665.0,169614200.0,0.0,0,0.0,0,-5.0,0,50.0,1,20.0,1,225.0,1,255.0,1,255.0,1,255.0,1,125.0,1,185.0,1,160.0,1,35.0,1,-80.0,0
"10 Saham Paling Ramai Trading Sepekan, Lah kok BUMN Semua?",2021-01-11,1665.0,169614200.0,-5.0,0,50.0,1,20.0,1,225.0,1,255.0,1,255.0,1,255.0,1,125.0,1,185.0,1,160.0,1,35.0,1,-80.0,0,-80.0,0,-80.0,0
"Geber Proyek Pemerintah, Waskita Bidik Kontrak Baru Rp 31 T",2021-01-13,1715.0,350996600.0,-30.0,0,175.0,1,205.0,1,205.0,1,205.0,1,75.0,1,135.0,1,110.0,1,-15.0,0,-130.0,0,-130.0,0,-130.0,0,-240.0,0,-85.0,0
Bos Waskita: SWF Darah Baru untuk Bisnis Infrastruktur RI,2021-01-13,1715.0,350996600.0,-30.0,0,175.0,1,205.0,1,205.0,1,205.0,1,75.0,1,135.0,1,110.0,1,-15.0,0,-130.0,0,-130.0,0,-130.0,0,-240.0,0,-85.0,0
Deretan Saham 'Pelat Merah' yang Bikin Bangga Wamen BUMN,2021-01-14,1685.0,163248600.0,205.0,1,235.0,1,235.0,1,235.0,1,105.0,1,165.0,1,140.0,1,15.0,1,-100.0,0,-100.0,0,-100.0,0,-210.0,0,-55.0,0,-165.0,0
"SWF Jokowi di Depan Mata, Saham Konstruksi Ngamuk Lagi!",2021-01-15,1890.0,791593500.0,30.0,1,30.0,1,30.0,1,-100.0,0,-40.0,0,-65.0,0,-190.0,0,-305.0,0,-305.0,0,-305.0,0,-415.0,0,-260.0,0,-370.0,0,-475.0,0
Waskita Akhiri Pemeringkatan dengan Fitch Ratings,2021-01-16,1920.0,727533400.0,0.0,0,0.0,0,-130.0,0,-70.0,0,-95.0,0,-220.0,0,-335.0,0,-335.0,0,-335.0,0,-445.0,0,-290.0,0,-400.0,0,-505.0,0,-420.0,0
"Corona Bikin IHSG Ciut, Cek Dulu Saham Potensi Cuan Hari Ini!",2021-01-18,1920.0,727533400.0,-130.0,0,-70.0,0,-95.0,0,-220.0,0,-335.0,0,-335.0,0,-335.0,0,-445.0,0,-290.0,0,-400.0,0,-505.0,0,-420.0,0,-420.0,0,-420.0,0
"Bursa RI Bakal Menguat, Mau Cuan? Cek Dulu Sederet Saham Ini",2021-01-19,1790.0,649525000.0,60.0,1,35.0,1,-90.0,0,-205.0,0,-205.0,0,-205.0,0,-315.0,0,-160.0,0,-270.0,0,-375.0,0,-290.0,0,-290.0,0,-290.0,0,-390.0,0
"Nasib IHSG Hari Ini Menurut Pelaku Pasar, Ada Bad News?",2021-01-19,1790.0,649525000.0,60.0,1,35.0,1,-90.0,0,-205.0,0,-205.0,0,-205.0,0,-315.0,0,-160.0,0,-270.0,0,-375.0,0,-290.0,0,-290.0,0,-290.0,0,-390.0,0
"Diobral Investor, Saham WIKA ADHI Dkk Ambles & Dekati ARB",2021-01-19,1790.0,649525000.0,60.0,1,35.0,1,-90.0,0,-205.0,0,-205.0,0,-205.0,0,-315.0,0,-160.0,0,-270.0,0,-375.0,0,-290.0,0,-290.0,0,-290.0,0,-390.0,0
"Erick Sebut 3 BUMN Punya Utang Tinggi: PTPN, BUMN Karya & KAI",2021-01-20,1850.0,445999100.0,-25.0,0,-150.0,0,-265.0,0,-265.0,0,-265.0,0,-375.0,0,-220.0,0,-330.0,0,-435.0,0,-350.0,0,-350.0,0,-350.0,0,-450.0,0,-435.0,0
Ciee...Yusuf Mansur Ikut Lo Kheng Hong Borong Saham Grup MNC,2021-01-20,1850.0,445999100.0,-25.0,0,-150.0,0,-265.0,0,-265.0,0,-265.0,0,-375.0,0,-220.0,0,-330.0,0,-435.0,0,-350.0,0,-350.0,0,-350.0,0,-450.0,0,-435.0,0
"Tolong! Daftar 26 Saham Kena ARB Kemarin, Saham Kamu Ada Gak?",2021-01-20,1850.0,445999100.0,-25.0,0,-150.0,0,-265.0,0,-265.0,0,-265.0,0,-375.0,0,-220.0,0,-330.0,0,-435.0,0,-350.0,0,-350.0,0,-350.0,0,-450.0,0,-435.0,0
"'Dibeking' Yusuf Mansur & LKH, Saham Grup MNC Terbang!",2021-01-20,1850.0,445999100.0,-25.0,0,-150.0,0,-265.0,0,-265.0,0,-265.0,0,-375.0,0,-220.0,0,-330.0,0,-435.0,0,-350.0,0,-350.0,0,-350.0,0,-450.0,0,-435.0,0
"Silahkan Baca 6 Kabar Pasar, Penting Buat Serok Saham Cuan",2021-01-21,1825.0,325133800.0,-125.0,0,-240.0,0,-240.0,0,-240.0,0,-350.0,0,-195.0,0,-305.0,0,-410.0,0,-325.0,0,-325.0,0,-325.0,0,-425.0,0,-410.0,0,-420.0,0
"Pejabat SWF Jokowi Diumumkan, Saham Konstruksi Terbang!",2021-01-21,1825.0,325133800.0,-125.0,0,-240.0,0,-240.0,0,-240.0,0,-350.0,0,-195.0,0,-305.0,0,-410.0,0,-325.0,0,-325.0,0,-325.0,0,-425.0,0,-410.0,0,-420.0,0
"Disebut Erick, Sejumbo Apa Utang PTPN, BUMN Karya & KAI?",2021-01-21,1825.0,325133800.0,-125.0,0,-240.0,0,-240.0,0,-240.0,0,-350.0,0,-195.0,0,-305.0,0,-410.0,0,-325.0,0,-325.0,0,-325.0,0,-425.0,0,-410.0,0,-420.0,0
Punya Saham TLKM? Simak Bos Telkom Bocorin Platform Baru & 5G,2021-01-21,1825.0,325133800.0,-125.0,0,-240.0,0,-240.0,0,-240.0,0,-350.0,0,-195.0,0,-305.0,0,-410.0,0,-325.0,0,-325.0,0,-325.0,0,-425.0,0,-410.0,0,-420.0,0
Bos Waskita Beberkan Calon tol yang Siap Dilego ke SWF,2021-01-21,1825.0,325133800.0,-125.0,0,-240.0,0,-240.0,0,-240.0,0,-350.0,0,-195.0,0,-305.0,0,-410.0,0,-325.0,0,-325.0,0,-325.0,0,-425.0,0,-410.0,0,-420.0,0
"Disorot Erick, WSKT Siap Selesaikan Restrukturisasi Utang Q1",2021-01-21,1825.0,325133800.0,-125.0,0,-240.0,0,-240.0,0,-240.0,0,-350.0,0,-195.0,0,-305.0,0,-410.0,0,-325.0,0,-325.0,0,-325.0,0,-425.0,0,-410.0,0,-420.0,0
"Garap Tol Sepanjang 1.087 KM, Waskita Butuh Dana Rp 20 T",2021-01-22,1700.0,349165400.0,-115.0,0,-115.0,0,-115.0,0,-225.0,0,-70.0,0,-180.0,0,-285.0,0,-200.0,0,-200.0,0,-200.0,0,-300.0,0,-285.0,0,-295.0,0,-260.0,0
"Parah! IHSG 'Kebakaran', Saham-saham BUMN Dominasi ARB Club",2021-01-22,1700.0,349165400.0,-115.0,0,-115.0,0,-115.0,0,-225.0,0,-70.0,0,-180.0,0,-285.0,0,-200.0,0,-200.0,0,-200.0,0,-300.0,0,-285.0,0,-295.0,0,-260.0,0
"BRI Rombak 4 Direksi, Nasabah Kresna Life Stres & Depresi",2021-01-22,1700.0,349165400.0,-115.0,0,-115.0,0,-115.0,0,-225.0,0,-70.0,0,-180.0,0,-285.0,0,-200.0,0,-200.0,0,-200.0,0,-300.0,0,-285.0,0,-295.0,0,-260.0,0
"SWF Jokowi Segera Dirilis, kok Saham 4 BUMN Karya Ambruk?",2021-01-22,1700.0,349165400.0,-115.0,0,-115.0,0,-115.0,0,-225.0,0,-70.0,0,-180.0,0,-285.0,0,-200.0,0,-200.0,0,-200.0,0,-300.0,0,-285.0,0,-295.0,0,-260.0,0
"Dari WSKT Sampai ANTM, Inilah 9 Kabar Korporasi Pekan ini",2021-01-24,1585.0,333631000.0,0.0,0,-110.0,0,45.0,1,-65.0,0,-170.0,0,-85.0,0,-85.0,0,-85.0,0,-185.0,0,-170.0,0,-180.0,0,-145.0,0,10.0,1,10.0,1
"Saham Mau Ijo-Merah, Ini Prinsip Penganut Aliran Mansurmology",2021-01-26,1475.0,244351500.0,155.0,1,45.0,1,-60.0,0,25.0,1,25.0,1,25.0,1,-75.0,0,-60.0,0,-70.0,0,-35.0,0,120.0,1,120.0,1,120.0,1,45.0,1
Ini Rincian Tol Kayu Agung-Palembang yang Diresmikan Jokowi,2021-01-26,1475.0,244351500.0,155.0,1,45.0,1,-60.0,0,25.0,1,25.0,1,25.0,1,-75.0,0,-60.0,0,-70.0,0,-35.0,0,120.0,1,120.0,1,120.0,1,45.0,1
"Dibumbui Sentimen SWF, Masih Menarikkah Saham Konstruksi?",2021-01-26,1475.0,244351500.0,155.0,1,45.0,1,-60.0,0,25.0,1,25.0,1,25.0,1,-75.0,0,-60.0,0,-70.0,0,-35.0,0,120.0,1,120.0,1,120.0,1,45.0,1
"Dewas SWF Dilantik Jokowi, Saham Konstruksi to The Moon",2021-01-27,1630.0,728194600.0,-110.0,0,-215.0,0,-130.0,0,-130.0,0,-130.0,0,-230.0,0,-215.0,0,-225.0,0,-190.0,0,-35.0,0,-35.0,0,-35.0,0,-110.0,0,-50.0,0
"Cuan, Cuan, Cuan! 11 Saham Ini Ngamuk, BUMN Karya Top",2021-01-28,1520.0,301152400.0,-105.0,0,-20.0,0,-20.0,0,-20.0,0,-120.0,0,-105.0,0,-115.0,0,-80.0,0,75.0,1,75.0,1,75.0,1,0.0,0,60.0,1,35.0,1
"Terbang Gegara SWF, Saham Konstruksi Masih Layak Serok?",2021-01-28,1520.0,301152400.0,-105.0,0,-20.0,0,-20.0,0,-20.0,0,-120.0,0,-105.0,0,-115.0,0,-80.0,0,75.0,1,75.0,1,75.0,1,0.0,0,60.0,1,35.0,1
Aksi Obral Saham Bikin IHSG Ambles Lebih dari 1%,2021-01-28,1520.0,301152400.0,-105.0,0,-20.0,0,-20.0,0,-20.0,0,-120.0,0,-105.0,0,-115.0,0,-80.0,0,75.0,1,75.0,1,75.0,1,0.0,0,60.0,1,35.0,1
"Bikin Senewen! 12 Saham Kena ARB, Kebanyakan BUMN",2021-01-29,1415.0,335163800.0,85.0,1,85.0,1,85.0,1,-15.0,0,0.0,0,-10.0,0,25.0,1,180.0,1,180.0,1,180.0,1,105.0,1,165.0,1,140.0,1,195.0,1
"Belum Capek Nanjak Bro-Sis, Saham WSKT-ADHI Cs Unstoppable!",2021-02-03,1415.0,167359100.0,-10.0,0,25.0,1,180.0,1,180.0,1,180.0,1,105.0,1,165.0,1,140.0,1,195.0,1,195.0,1,195.0,1,195.0,1,190.0,1,100.0,1
"SWF RI Banyak Peminat, Saham Konstuksi BUMN Pesta Pora",2021-02-08,1595.0,333219600.0,-75.0,0,-15.0,0,-40.0,0,15.0,1,15.0,1,15.0,1,15.0,1,10.0,1,-80.0,0,-105.0,0,-115.0,0,-100.0,0,-100.0,0,-100.0,0
"Berburu Cuan Jelang Imlek, Simak Sederet Saham Pilihan Ini",2021-02-09,1520.0,280021500.0,60.0,1,35.0,1,90.0,1,90.0,1,90.0,1,90.0,1,85.0,1,-5.0,0,-30.0,0,-40.0,0,-25.0,0,-25.0,0,-25.0,0,-40.0,0
"Anak Usaha Waskita Karya Bidik Kontrak Baru Rp 7,88 T",2021-02-09,1520.0,280021500.0,60.0,1,35.0,1,90.0,1,90.0,1,90.0,1,90.0,1,85.0,1,-5.0,0,-30.0,0,-40.0,0,-25.0,0,-25.0,0,-25.0,0,-40.0,0
"Kabar Baik dari Airlangga, Saham WSKT-ADHI dkk Unstoppable!",2021-02-09,1520.0,280021500.0,60.0,1,35.0,1,90.0,1,90.0,1,90.0,1,90.0,1,85.0,1,-5.0,0,-30.0,0,-40.0,0,-25.0,0,-25.0,0,-25.0,0,-40.0,0
"Asing Obral 3 Saham BUMN Konstruksi, Serok Cuan Dulu!",2021-02-09,1520.0,280021500.0,60.0,1,35.0,1,90.0,1,90.0,1,90.0,1,90.0,1,85.0,1,-5.0,0,-30.0,0,-40.0,0,-25.0,0,-25.0,0,-25.0,0,-40.0,0
Simak 9 Kabar Pasar: Ada Jiwasraya & Bank Digital AGRO,2021-02-10,1580.0,183454500.0,-25.0,0,30.0,1,30.0,1,30.0,1,30.0,1,25.0,1,-65.0,0,-90.0,0,-100.0,0,-85.0,0,-85.0,0,-85.0,0,-100.0,0,-115.0,0
"Gandeng TOA Jepang, Waskita Beton Bidik Kontrak Baru Rp 7,8 T",2021-02-10,1580.0,183454500.0,-25.0,0,30.0,1,30.0,1,30.0,1,30.0,1,25.0,1,-65.0,0,-90.0,0,-100.0,0,-85.0,0,-85.0,0,-85.0,0,-100.0,0,-115.0,0
"Cari Cuan Jelang Imlek, Simak Sederet Saham Pilihan Ini",2021-02-11,1555.0,110420700.0,55.0,1,55.0,1,55.0,1,55.0,1,50.0,1,-40.0,0,-65.0,0,-75.0,0,-60.0,0,-60.0,0,-60.0,0,-75.0,0,-90.0,0,-70.0,0
Besok Imlek! Ya Ampun....Saham ADHI dkk Merosot,2021-02-11,1555.0,110420700.0,55.0,1,55.0,1,55.0,1,55.0,1,50.0,1,-40.0,0,-65.0,0,-75.0,0,-60.0,0,-60.0,0,-60.0,0,-75.0,0,-90.0,0,-70.0,0
"Waskita Dapat Restu Kreditur untuk Restrukturisasi Rp 2,72 T",2021-02-15,1610.0,222383600.0,-5.0,0,-95.0,0,-120.0,0,-130.0,0,-115.0,0,-115.0,0,-115.0,0,-130.0,0,-145.0,0,-125.0,0,-185.0,0,-90.0,0,-90.0,0,-90.0,0
"Diborong Investor, Saham Konstruksi Pelat Merah Melesat",2021-02-15,1610.0,222383600.0,-5.0,0,-95.0,0,-120.0,0,-130.0,0,-115.0,0,-115.0,0,-115.0,0,-130.0,0,-145.0,0,-125.0,0,-185.0,0,-90.0,0,-90.0,0,-90.0,0
Wamen BUMN: Transaksi 9 BUMN di Pasar Digital Tembus Rp 11 T,2021-02-15,1610.0,222383600.0,-5.0,0,-95.0,0,-120.0,0,-130.0,0,-115.0,0,-115.0,0,-115.0,0,-130.0,0,-145.0,0,-125.0,0,-185.0,0,-90.0,0,-90.0,0,-90.0,0
"Simak Saham Pilihan Hari Ini, Saat 'Bandar' Sedang Tarik Cuan",2021-02-16,1605.0,228998200.0,-90.0,0,-115.0,0,-125.0,0,-110.0,0,-110.0,0,-110.0,0,-125.0,0,-140.0,0,-120.0,0,-180.0,0,-85.0,0,-85.0,0,-85.0,0,-115.0,0
"SWF Jokowi Full Team, Saham Emiten Konstruksi Ngamuk!",2021-02-16,1605.0,228998200.0,-90.0,0,-115.0,0,-125.0,0,-110.0,0,-110.0,0,-110.0,0,-125.0,0,-140.0,0,-120.0,0,-180.0,0,-85.0,0,-85.0,0,-85.0,0,-115.0,0
"Ada SWF, Begini Analisa Broker Asing untuk Saham Konstruksi",2021-02-16,1605.0,228998200.0,-90.0,0,-115.0,0,-125.0,0,-110.0,0,-110.0,0,-110.0,0,-125.0,0,-140.0,0,-120.0,0,-180.0,0,-85.0,0,-85.0,0,-85.0,0,-115.0,0
Mau Banget Beli Saham Konstruksi? Cek Dulu Rekomendasinya,2021-02-17,1515.0,181615800.0,-25.0,0,-35.0,0,-20.0,0,-20.0,0,-20.0,0,-35.0,0,-50.0,0,-30.0,0,-90.0,0,5.0,1,5.0,1,5.0,1,-25.0,0,-60.0,0
"Magic SWF Mulai Hilang, Saham Konstruksi Mulai Loyo",2021-02-17,1515.0,181615800.0,-25.0,0,-35.0,0,-20.0,0,-20.0,0,-20.0,0,-35.0,0,-50.0,0,-30.0,0,-90.0,0,5.0,1,5.0,1,5.0,1,-25.0,0,-60.0,0
"Ada SWF Jangan Gelap Mata Beli Saham Konstruksi, Cek Valuasi!",2021-02-17,1515.0,181615800.0,-25.0,0,-35.0,0,-20.0,0,-20.0,0,-20.0,0,-35.0,0,-50.0,0,-30.0,0,-90.0,0,5.0,1,5.0,1,5.0,1,-25.0,0,-60.0,0
"Siap-siap IHSG ke 6.450, Cekidot Saham-saham Pilihan Ini!",2021-02-18,1490.0,99867400.0,-10.0,0,5.0,1,5.0,1,5.0,1,-10.0,0,-25.0,0,-5.0,0,-65.0,0,30.0,1,30.0,1,30.0,1,0.0,0,-35.0,0,-60.0,0
"Ini Alasan Saham Konstruksi Masih Oke, Meski Utang Segunung!",2021-02-19,1480.0,84197700.0,15.0,1,15.0,1,15.0,1,0.0,0,-15.0,0,5.0,1,-55.0,0,40.0,1,40.0,1,40.0,1,10.0,1,-25.0,0,-50.0,0,-75.0,0
"Deretan Sektor dengan Rasio Utang Segunung, Ini Alasannya!",2021-02-23,1480.0,74233200.0,-15.0,0,5.0,1,-55.0,0,40.0,1,40.0,1,40.0,1,10.0,1,-25.0,0,-50.0,0,-75.0,0,-70.0,0,-70.0,0,-70.0,0,-65.0,0
Awas Jangan Korupsi! 27 BUMN Ini Sudah Diawasi KPK,2021-03-02,1490.0,82092100.0,-35.0,0,-60.0,0,-85.0,0,-80.0,0,-80.0,0,-80.0,0,-75.0,0,-100.0,0,-75.0,0,-75.0,0,-55.0,0,-55.0,0,-55.0,0,-75.0,0
"Geber Proyek Ibu Kota Baru, WSKT Bangun Jargas Rumah Tangga",2021-03-03,1455.0,56325400.0,-25.0,0,-50.0,0,-45.0,0,-45.0,0,-45.0,0,-40.0,0,-65.0,0,-40.0,0,-40.0,0,-20.0,0,-20.0,0,-20.0,0,-40.0,0,5.0,1
"Sebelum Trading, Intip 8 'Gosip' Pasar Dulu! Ada ISAT-Kaesang",2021-03-04,1430.0,59014600.0,-25.0,0,-20.0,0,-20.0,0,-20.0,0,-15.0,0,-40.0,0,-15.0,0,-15.0,0,5.0,1,5.0,1,5.0,1,-15.0,0,30.0,1,25.0,1
"Ngiler Dana SWF, BUMN Karya Siapkan Proyek untuk Divestasi",2021-03-08,1410.0,43503000.0,5.0,1,-20.0,0,5.0,1,5.0,1,25.0,1,25.0,1,25.0,1,5.0,1,50.0,1,45.0,1,15.0,1,-5.0,0,-5.0,0,-5.0,0
"Lepas Tol Medan ke Investor Hong Kong, WSKT Dapat Rp 824 M",2021-03-09,1415.0,77153900.0,-25.0,0,0.0,0,0.0,0,20.0,1,20.0,1,20.0,1,0.0,0,45.0,1,40.0,1,10.0,1,-10.0,0,-10.0,0,-10.0,0,-25.0,0
"Ganti Pengurus RUPS BNI & PTBA, Ada Direksi Dicopot Erick?",2021-03-16,1415.0,48156000.0,45.0,1,40.0,1,10.0,1,-10.0,0,-10.0,0,-10.0,0,-25.0,0,-45.0,0,-60.0,0,-65.0,0,-155.0,0,-155.0,0,-155.0,0,-240.0,0
"WSKT Operasikan Becakayu Seksi IA, Bekasi-Priok Kian Dekat",2021-03-16,1415.0,48156000.0,45.0,1,40.0,1,10.0,1,-10.0,0,-10.0,0,-10.0,0,-25.0,0,-45.0,0,-60.0,0,-65.0,0,-155.0,0,-155.0,0,-155.0,0,-240.0,0
"Gokil! Tiba-tiba Saham WSKT dkk Terbang, Ada Apa Gerangan?",2021-03-17,1460.0,151803200.0,-5.0,0,-35.0,0,-55.0,0,-55.0,0,-55.0,0,-70.0,0,-90.0,0,-105.0,0,-110.0,0,-200.0,0,-200.0,0,-200.0,0,-285.0,0,-305.0,0
"Dear Investor Saham WSKT dkk, Ada Kabar Baik dari Jokowi nih!",2021-03-17,1460.0,151803200.0,-5.0,0,-35.0,0,-55.0,0,-55.0,0,-55.0,0,-70.0,0,-90.0,0,-105.0,0,-110.0,0,-200.0,0,-200.0,0,-200.0,0,-285.0,0,-305.0,0
"Apa Kabar Saham-saham Mansurmology, Sudah Cuan Berapa ya?",2021-03-18,1455.0,57313400.0,-30.0,0,-50.0,0,-50.0,0,-50.0,0,-65.0,0,-85.0,0,-100.0,0,-105.0,0,-195.0,0,-195.0,0,-195.0,0,-280.0,0,-300.0,0,-325.0,0
"Wapres Ma'ruf Amin Blusukan ke Proyek PTPP Cs, Ada Apa ya?",2021-03-23,1390.0,45342900.0,-20.0,0,-35.0,0,-40.0,0,-130.0,0,-130.0,0,-130.0,0,-215.0,0,-235.0,0,-260.0,0,-335.0,0,-335.0,0,-335.0,0,-335.0,0,-290.0,0
"Waduh Pandemi 2020! Waskita Cetak Rugi Bersih Rp 7,4 T",2021-03-26,1350.0,85019800.0,-90.0,0,-90.0,0,-90.0,0,-175.0,0,-195.0,0,-220.0,0,-295.0,0,-295.0,0,-295.0,0,-295.0,0,-250.0,0,-310.0,0,-295.0,0,-300.0,0
"9 Kabar Pasar Saham yang Sayang Dilewatkan, Simak Bro-Sis!",2021-03-29,1260.0,156833100.0,-85.0,0,-105.0,0,-130.0,0,-205.0,0,-205.0,0,-205.0,0,-205.0,0,-160.0,0,-220.0,0,-205.0,0,-210.0,0,-275.0,0,-275.0,0,-275.0,0
"Duh! WSKT-WIKA Babak Belur, Masih Ada Harapan Gak Sahamnya?",2021-03-29,1260.0,156833100.0,-85.0,0,-105.0,0,-130.0,0,-205.0,0,-205.0,0,-205.0,0,-205.0,0,-160.0,0,-220.0,0,-205.0,0,-210.0,0,-275.0,0,-275.0,0,-275.0,0
"Kuartet Saham Konstruksi BUMN Jeblok Parah Sebulan, Ada Apa?",2021-03-29,1260.0,156833100.0,-85.0,0,-105.0,0,-130.0,0,-205.0,0,-205.0,0,-205.0,0,-205.0,0,-160.0,0,-220.0,0,-205.0,0,-210.0,0,-275.0,0,-275.0,0,-275.0,0
"Raja Nyungsep Hari Ini ANTM & Kena ARB, tapi IKAN kena ARA",2021-03-29,1260.0,156833100.0,-85.0,0,-105.0,0,-130.0,0,-205.0,0,-205.0,0,-205.0,0,-205.0,0,-160.0,0,-220.0,0,-205.0,0,-210.0,0,-275.0,0,-275.0,0,-275.0,0
"IHSG Jatuh! 374 Saham Ambruk, WSKT-MARI Jadi Top Losers",2021-03-30,1175.0,195569800.0,-20.0,0,-45.0,0,-120.0,0,-120.0,0,-120.0,0,-120.0,0,-75.0,0,-135.0,0,-120.0,0,-125.0,0,-190.0,0,-190.0,0,-190.0,0,-170.0,0
Saham WSKT-WIKA dkk Kompak Bonyok! Ini Pemicunya,2021-03-30,1175.0,195569800.0,-20.0,0,-45.0,0,-120.0,0,-120.0,0,-120.0,0,-120.0,0,-75.0,0,-135.0,0,-120.0,0,-125.0,0,-190.0,0,-190.0,0,-190.0,0,-170.0,0
"Sadis! Saham TKIM-PTPP Diobral, BACA Naik Daun Lagi",2021-03-30,1175.0,195569800.0,-20.0,0,-45.0,0,-120.0,0,-120.0,0,-120.0,0,-120.0,0,-75.0,0,-135.0,0,-120.0,0,-125.0,0,-190.0,0,-190.0,0,-190.0,0,-170.0,0
"Program 1 Juta Kompor Listrik, Erick Thohir: RI Hemat Rp 60 T",2021-03-31,1155.0,163815900.0,-25.0,0,-100.0,0,-100.0,0,-100.0,0,-100.0,0,-55.0,0,-115.0,0,-100.0,0,-105.0,0,-170.0,0,-170.0,0,-170.0,0,-150.0,0,-125.0,0
"Bos Waskita Karya Ungkap Penyebab Rugi Besar Rp 7,4 T di 2020",2021-03-31,1155.0,163815900.0,-25.0,0,-100.0,0,-100.0,0,-100.0,0,-100.0,0,-55.0,0,-115.0,0,-100.0,0,-105.0,0,-170.0,0,-170.0,0,-170.0,0,-150.0,0,-125.0,0
Menteri PUPR Basuki: Rumah Saya Kena Gusur!,2021-03-31,1155.0,163815900.0,-25.0,0,-100.0,0,-100.0,0,-100.0,0,-100.0,0,-55.0,0,-115.0,0,-100.0,0,-105.0,0,-170.0,0,-170.0,0,-170.0,0,-150.0,0,-125.0,0
"Rugi 7,4 Triliun di 2020, Modal & Kas Waskita Karya Menguap",2021-03-31,1155.0,163815900.0,-25.0,0,-100.0,0,-100.0,0,-100.0,0,-100.0,0,-55.0,0,-115.0,0,-100.0,0,-105.0,0,-170.0,0,-170.0,0,-170.0,0,-150.0,0,-125.0,0
"Geber Program 1 Juta Kompor Listrik, PLN Gandeng 9 BUMN Karya",2021-03-31,1155.0,163815900.0,-25.0,0,-100.0,0,-100.0,0,-100.0,0,-100.0,0,-55.0,0,-115.0,0,-100.0,0,-105.0,0,-170.0,0,-170.0,0,-170.0,0,-150.0,0,-125.0,0
"Bye Maret! INCO-TINS Jatuh, Deretan Saham Ini Tercuan Sebulan",2021-04-01,1130.0,53443200.0,-75.0,0,-75.0,0,-75.0,0,-75.0,0,-30.0,0,-90.0,0,-75.0,0,-80.0,0,-145.0,0,-145.0,0,-145.0,0,-125.0,0,-100.0,0,-110.0,0
"Simak 9 Kabar Ini, Semoga Tak Ada April Mop Saat Cari Cuan",2021-04-01,1130.0,53443200.0,-75.0,0,-75.0,0,-75.0,0,-75.0,0,-30.0,0,-90.0,0,-75.0,0,-80.0,0,-145.0,0,-145.0,0,-145.0,0,-125.0,0,-100.0,0,-110.0,0
Besok Libur! Jangan Kelewat Cek Saham-saham Pilihan Hari Ini,2021-04-01,1130.0,53443200.0,-75.0,0,-75.0,0,-75.0,0,-75.0,0,-30.0,0,-90.0,0,-75.0,0,-80.0,0,-145.0,0,-145.0,0,-145.0,0,-125.0,0,-100.0,0,-110.0,0
"Awas Saham IPO 'Kolesterol', Saham WSKT-Emiten Bakrie Ambruk!",2021-04-01,1130.0,53443200.0,-75.0,0,-75.0,0,-75.0,0,-75.0,0,-30.0,0,-90.0,0,-75.0,0,-80.0,0,-145.0,0,-145.0,0,-145.0,0,-125.0,0,-100.0,0,-110.0,0
"Dahlan: BUMN Karya Haus Sampai Kerongkongan, Bakal Bangkrut?",2021-04-02,1055.0,87395100.0,0.0,0,0.0,0,0.0,0,45.0,1,-15.0,0,0.0,0,-5.0,0,-70.0,0,-70.0,0,-70.0,0,-50.0,0,-25.0,0,-35.0,0,-40.0,0
"Disorot Dahlan Iskan, Begini Parahnya Kinerja BUMN Karya",2021-04-03,1055.0,87395100.0,0.0,0,0.0,0,45.0,1,-15.0,0,0.0,0,-5.0,0,-70.0,0,-70.0,0,-70.0,0,-50.0,0,-25.0,0,-35.0,0,-40.0,0,25.0,1
Dahlan Iskan & Alarm Kebangkrutan BUMN Karya yang Berbunyi!,2021-04-04,1055.0,87395100.0,0.0,0,45.0,1,-15.0,0,0.0,0,-5.0,0,-70.0,0,-70.0,0,-70.0,0,-50.0,0,-25.0,0,-35.0,0,-40.0,0,25.0,1,25.0,1
Top Gainers-Losers Hari Ini: Saham BUMN Karya & SRIL Ambruk!,2021-04-05,1055.0,87395100.0,45.0,1,-15.0,0,0.0,0,-5.0,0,-70.0,0,-70.0,0,-70.0,0,-50.0,0,-25.0,0,-35.0,0,-40.0,0,25.0,1,25.0,1,25.0,1
"Saham BUMN Karya Kena Double Jab, ARB & Diobral Asing",2021-04-05,1055.0,87395100.0,45.0,1,-15.0,0,0.0,0,-5.0,0,-70.0,0,-70.0,0,-70.0,0,-50.0,0,-25.0,0,-35.0,0,-40.0,0,25.0,1,25.0,1,25.0,1
"Rugi Rp 7 T, Biaya Pegawai Waskita Malah Membengkak di 2020",2021-04-05,1055.0,87395100.0,45.0,1,-15.0,0,0.0,0,-5.0,0,-70.0,0,-70.0,0,-70.0,0,-50.0,0,-25.0,0,-35.0,0,-40.0,0,25.0,1,25.0,1,25.0,1
"Disebut Dahlan Berkinerja Parah, Saham BUMN Konstruksi Ambles",2021-04-05,1055.0,87395100.0,45.0,1,-15.0,0,0.0,0,-5.0,0,-70.0,0,-70.0,0,-70.0,0,-50.0,0,-25.0,0,-35.0,0,-40.0,0,25.0,1,25.0,1,25.0,1
"Dahlan: BUMN Karya Bernafas di Kerongkongan, Ini Faktanya",2021-04-05,1055.0,87395100.0,45.0,1,-15.0,0,0.0,0,-5.0,0,-70.0,0,-70.0,0,-70.0,0,-50.0,0,-25.0,0,-35.0,0,-40.0,0,25.0,1,25.0,1,25.0,1
"Parah! Disentil Dahlan, Saham Konstruksi BUMN ARB Berjamaah",2021-04-05,1055.0,87395100.0,45.0,1,-15.0,0,0.0,0,-5.0,0,-70.0,0,-70.0,0,-70.0,0,-50.0,0,-25.0,0,-35.0,0,-40.0,0,25.0,1,25.0,1,25.0,1
"Duh! WSKT-WIKA Cs Kompak ARB, Saham Grup Lippo Teratas",2021-04-05,1055.0,87395100.0,45.0,1,-15.0,0,0.0,0,-5.0,0,-70.0,0,-70.0,0,-70.0,0,-50.0,0,-25.0,0,-35.0,0,-40.0,0,25.0,1,25.0,1,25.0,1
"Banjir Proyek Pemerintah, Saham BUMN Karya Masih Aja Jeblok",2021-04-06,1100.0,230999400.0,-60.0,0,-45.0,0,-50.0,0,-115.0,0,-115.0,0,-115.0,0,-95.0,0,-70.0,0,-80.0,0,-85.0,0,-20.0,0,-20.0,0,-20.0,0,-40.0,0
"Kinerja 4 BUMN Karya Berdarah-darah, Masa 'Disuntik' Melulu?",2021-04-06,1100.0,230999400.0,-60.0,0,-45.0,0,-50.0,0,-115.0,0,-115.0,0,-115.0,0,-95.0,0,-70.0,0,-80.0,0,-85.0,0,-20.0,0,-20.0,0,-20.0,0,-40.0,0
"Waskita Beton Digugat PKPU, Sahamnya Langsung Ambruk!",2021-04-06,1100.0,230999400.0,-60.0,0,-45.0,0,-50.0,0,-115.0,0,-115.0,0,-115.0,0,-95.0,0,-70.0,0,-80.0,0,-85.0,0,-20.0,0,-20.0,0,-20.0,0,-40.0,0
"Saham BUMN Konstruksi Rebound, Ada Ancaman Dead Cat Bounce",2021-04-06,1100.0,230999400.0,-60.0,0,-45.0,0,-50.0,0,-115.0,0,-115.0,0,-115.0,0,-95.0,0,-70.0,0,-80.0,0,-85.0,0,-20.0,0,-20.0,0,-20.0,0,-40.0,0
"Nasib Saham Konstruksi BUMN, Masih Diobral karena Utang Jumbo",2021-04-06,1100.0,230999400.0,-60.0,0,-45.0,0,-50.0,0,-115.0,0,-115.0,0,-115.0,0,-95.0,0,-70.0,0,-80.0,0,-85.0,0,-20.0,0,-20.0,0,-20.0,0,-40.0,0
"Mudik Resmi Dilarang, Bagaimana Nasib Saham Emiten Jalan Tol?",2021-04-06,1100.0,230999400.0,-60.0,0,-45.0,0,-50.0,0,-115.0,0,-115.0,0,-115.0,0,-95.0,0,-70.0,0,-80.0,0,-85.0,0,-20.0,0,-20.0,0,-20.0,0,-40.0,0
"Wall Street Terus Cetak Rekor, IHSG Kapan Gak Tekor?",2021-04-06,1100.0,230999400.0,-60.0,0,-45.0,0,-50.0,0,-115.0,0,-115.0,0,-115.0,0,-95.0,0,-70.0,0,-80.0,0,-85.0,0,-20.0,0,-20.0,0,-20.0,0,-40.0,0
"Astaga! Waskita Beton Digugat PKPU, Berapa Utangnya?",2021-04-06,1100.0,230999400.0,-60.0,0,-45.0,0,-50.0,0,-115.0,0,-115.0,0,-115.0,0,-95.0,0,-70.0,0,-80.0,0,-85.0,0,-20.0,0,-20.0,0,-20.0,0,-40.0,0
"Kena Dead Cat Bounce, Saham-Saham BUMN Karya Ambruk Lagi",2021-04-07,1040.0,89503800.0,15.0,1,10.0,1,-55.0,0,-55.0,0,-55.0,0,-35.0,0,-10.0,0,-20.0,0,-25.0,0,40.0,1,40.0,1,40.0,1,20.0,1,25.0,1
"Saham Emiten Suaminya Puan Melesat, WSKT-WSBP Ambruk!",2021-04-07,1040.0,89503800.0,15.0,1,10.0,1,-55.0,0,-55.0,0,-55.0,0,-35.0,0,-10.0,0,-20.0,0,-25.0,0,40.0,1,40.0,1,40.0,1,20.0,1,25.0,1
"Saham Bank Hary Tanoe Jawara, Saham Emiten Erick Pecundang",2021-04-07,1040.0,89503800.0,15.0,1,10.0,1,-55.0,0,-55.0,0,-55.0,0,-35.0,0,-10.0,0,-20.0,0,-25.0,0,40.0,1,40.0,1,40.0,1,20.0,1,25.0,1
"Belum Bayar Utang & Digugat PKPU, Ini Respons Waskita Beton",2021-04-07,1040.0,89503800.0,15.0,1,10.0,1,-55.0,0,-55.0,0,-55.0,0,-35.0,0,-10.0,0,-20.0,0,-25.0,0,40.0,1,40.0,1,40.0,1,20.0,1,25.0,1
"Belum Move On, Saham BUMN Karya Terjungkal Saat IHSG Hijau",2021-04-08,1055.0,54144800.0,-5.0,0,-70.0,0,-70.0,0,-70.0,0,-50.0,0,-25.0,0,-35.0,0,-40.0,0,25.0,1,25.0,1,25.0,1,5.0,1,10.0,1,15.0,1
Bos Waskita Curhat: Soal Utang Menggunung & Rugi Rp 7 T,2021-04-09,1050.0,98491800.0,-65.0,0,-65.0,0,-65.0,0,-45.0,0,-20.0,0,-30.0,0,-35.0,0,30.0,1,30.0,1,30.0,1,10.0,1,15.0,1,20.0,1,20.0,1
"Saham WSKT-PTPP Cs Menghijau, Begini Jeroan Bisnisnya!",2021-04-09,1050.0,98491800.0,-65.0,0,-65.0,0,-65.0,0,-45.0,0,-20.0,0,-30.0,0,-35.0,0,30.0,1,30.0,1,30.0,1,10.0,1,15.0,1,20.0,1,20.0,1
"Ada Investor Arab di Tol, Saham Konstruksi BUMN Masih Merah",2021-04-12,985.0,79846100.0,20.0,1,45.0,1,35.0,1,30.0,1,95.0,1,95.0,1,95.0,1,75.0,1,80.0,1,85.0,1,85.0,1,130.0,1,130.0,1,130.0,1
"Lepas Ruas Tol Semarang & Cinere, Waskita Kantongi Rp 2 T",2021-04-13,1005.0,99822600.0,25.0,1,15.0,1,10.0,1,75.0,1,75.0,1,75.0,1,55.0,1,60.0,1,65.0,1,65.0,1,110.0,1,110.0,1,110.0,1,115.0,1
"Sesi I Hari Ini, Asing Lepas BBCA-BBRI, Koleksi TBIG-WSKT",2021-04-13,1005.0,99822600.0,25.0,1,15.0,1,10.0,1,75.0,1,75.0,1,75.0,1,55.0,1,60.0,1,65.0,1,65.0,1,110.0,1,110.0,1,110.0,1,115.0,1
"Ramai-ramai Saham Konstruksi Ambruk, Apa Pemicunya?",2021-04-13,1005.0,99822600.0,25.0,1,15.0,1,10.0,1,75.0,1,75.0,1,75.0,1,55.0,1,60.0,1,65.0,1,65.0,1,110.0,1,110.0,1,110.0,1,115.0,1
"Simak 7 Kabar Ini, Penting untuk Cari Cuan dari Saham",2021-04-14,1030.0,70490700.0,-10.0,0,-15.0,0,50.0,1,50.0,1,50.0,1,30.0,1,35.0,1,40.0,1,40.0,1,85.0,1,85.0,1,85.0,1,90.0,1,90.0,1
"Ini Alasan Beban Pegawai Waskita Melesat Meski Rugi Rp 7,4 T",2021-04-14,1030.0,70490700.0,-10.0,0,-15.0,0,50.0,1,50.0,1,50.0,1,30.0,1,35.0,1,40.0,1,40.0,1,85.0,1,85.0,1,85.0,1,90.0,1,90.0,1
"Dear Sobat Market, Ada 7 Kabar Pasar 'Hot', Freeport-Waskita!",2021-04-14,1030.0,70490700.0,-10.0,0,-15.0,0,50.0,1,50.0,1,50.0,1,30.0,1,35.0,1,40.0,1,40.0,1,85.0,1,85.0,1,85.0,1,90.0,1,90.0,1
Balas Dendam! Saham WSKT Cs Kompak Menghijau,2021-04-14,1030.0,70490700.0,-10.0,0,-15.0,0,50.0,1,50.0,1,50.0,1,30.0,1,35.0,1,40.0,1,40.0,1,85.0,1,85.0,1,85.0,1,90.0,1,90.0,1
"Rugi Rp 7 T, Gaji Pegawai Waskita Tak Naik, Pangkas Tunjangan",2021-04-14,1030.0,70490700.0,-10.0,0,-15.0,0,50.0,1,50.0,1,50.0,1,30.0,1,35.0,1,40.0,1,40.0,1,85.0,1,85.0,1,85.0,1,90.0,1,90.0,1
"Pantau 8 Kabar Pasar 'Hot' Ini, BRI hingga Wulan Guritno",2021-04-15,1020.0,43199300.0,-5.0,0,60.0,1,60.0,1,60.0,1,40.0,1,45.0,1,50.0,1,50.0,1,95.0,1,95.0,1,95.0,1,100.0,1,100.0,1,115.0,1
"Balik Arah, Ada Angin Segar Saham BUMN Karya Kembali Hiaju",2021-04-15,1020.0,43199300.0,-5.0,0,60.0,1,60.0,1,60.0,1,40.0,1,45.0,1,50.0,1,50.0,1,95.0,1,95.0,1,95.0,1,100.0,1,100.0,1,115.0,1
"Masih Pagi! Saham WSKT-PTPP cs Gacor, Inikah Pemicunya?",2021-04-16,1015.0,27119500.0,65.0,1,65.0,1,65.0,1,45.0,1,50.0,1,55.0,1,55.0,1,100.0,1,100.0,1,100.0,1,105.0,1,105.0,1,120.0,1,95.0,1
"Kalau Ngomongin Utang, Ternyata BUMN Rajanya",2021-04-16,1015.0,27119500.0,65.0,1,65.0,1,65.0,1,45.0,1,50.0,1,55.0,1,55.0,1,100.0,1,100.0,1,100.0,1,105.0,1,105.0,1,120.0,1,95.0,1
"Saham Konstruksi Dilirik Lagi Gaes Saat IHSG Merah, Ada Apa?",2021-04-19,1080.0,88913100.0,-20.0,0,-15.0,0,-10.0,0,-10.0,0,35.0,1,35.0,1,35.0,1,40.0,1,40.0,1,55.0,1,30.0,1,5.0,1,5.0,1,5.0,1
"Erick Rombak Komisaris-Direksi WSKT, Eks Stafsus Jokowi Masuk",2021-04-20,1060.0,34441200.0,5.0,1,10.0,1,10.0,1,55.0,1,55.0,1,55.0,1,60.0,1,60.0,1,75.0,1,50.0,1,25.0,1,25.0,1,25.0,1,35.0,1
Dear Market! Cek nih 9 Kabar Emiten Terbaru Sebelum Cari Cuan,2021-04-21,1065.0,26142900.0,5.0,1,5.0,1,50.0,1,50.0,1,50.0,1,55.0,1,55.0,1,70.0,1,45.0,1,20.0,1,20.0,1,20.0,1,30.0,1,10.0,1
Waskita Lepas 30% Saham Tol Medan-Kualanamu Rp 824 M,2021-04-23,1070.0,16525500.0,45.0,1,45.0,1,45.0,1,50.0,1,50.0,1,65.0,1,40.0,1,15.0,1,15.0,1,15.0,1,25.0,1,5.0,1,15.0,1,0.0,0
Waskita Cuan Berapa Jual Tol Medan-Kualanamu? Ini Bocorannya,2021-04-23,1070.0,16525500.0,45.0,1,45.0,1,45.0,1,50.0,1,50.0,1,65.0,1,40.0,1,15.0,1,15.0,1,15.0,1,25.0,1,5.0,1,15.0,1,0.0,0
Ada Kabar Baik? Saham WSKT & WSKT Cs Melesat Pagi Ini,2021-04-26,1115.0,68672000.0,5.0,1,5.0,1,20.0,1,-5.0,0,-30.0,0,-30.0,0,-30.0,0,-20.0,0,-40.0,0,-30.0,0,-45.0,0,-10.0,0,-10.0,0,-10.0,0
"WSKT-BKSL Ngamuk, Giliran Saham ASSA-LPPF Ambruk!",2021-04-26,1115.0,68672000.0,5.0,1,5.0,1,20.0,1,-5.0,0,-30.0,0,-30.0,0,-30.0,0,-20.0,0,-40.0,0,-30.0,0,-45.0,0,-10.0,0,-10.0,0,-10.0,0
"Mumpung Lagi Anyep, Yuk Cek Saham-saham Prospek Cuan Ini!",2021-04-27,1120.0,33967800.0,0.0,0,15.0,1,-10.0,0,-35.0,0,-35.0,0,-35.0,0,-25.0,0,-45.0,0,-35.0,0,-50.0,0,-15.0,0,-15.0,0,-15.0,0,-40.0,0
"IHSG Rebound, Jangan Kelewat Pantau Saham-saham Prospek Cuan!",2021-04-28,1120.0,34561100.0,15.0,1,-10.0,0,-35.0,0,-35.0,0,-35.0,0,-25.0,0,-45.0,0,-35.0,0,-50.0,0,-15.0,0,-15.0,0,-15.0,0,-40.0,0,-115.0,0
Wow! PLN-Telkom Kolaborasi Bangun Jaringan Telekomunikasi,2021-04-28,1120.0,34561100.0,15.0,1,-10.0,0,-35.0,0,-35.0,0,-35.0,0,-25.0,0,-45.0,0,-35.0,0,-50.0,0,-15.0,0,-15.0,0,-15.0,0,-40.0,0,-115.0,0
Sah! Waskita Restrukturisasi Utang dari bank bjb Rp 998 M,2021-05-03,1085.0,47368900.0,10.0,1,-10.0,0,0.0,0,-15.0,0,20.0,1,20.0,1,20.0,1,-5.0,0,-80.0,0,-80.0,0,-80.0,0,-80.0,0,-80.0,0,-80.0,0
"Tunggu Kepastian INA Caplok Ruas Tol, Saham WIKA Dkk Melempem",2021-05-04,1095.0,79236300.0,-20.0,0,-10.0,0,-25.0,0,10.0,1,10.0,1,10.0,1,-15.0,0,-90.0,0,-90.0,0,-90.0,0,-90.0,0,-90.0,0,-90.0,0,-80.0,0
"Oalah Saham 'Milik' Raffi Ahmad Jawara Lagi, WIIM-ABBA Drop!",2021-05-04,1095.0,79236300.0,-20.0,0,-10.0,0,-25.0,0,10.0,1,10.0,1,10.0,1,-15.0,0,-90.0,0,-90.0,0,-90.0,0,-90.0,0,-90.0,0,-90.0,0,-80.0,0
"Jelang Idul Fitri, Saham-saham Konstruksi Ambruk Berjamaah",2021-05-11,1080.0,16674200.0,-75.0,0,-75.0,0,-75.0,0,-75.0,0,-75.0,0,-75.0,0,-65.0,0,-80.0,0,-90.0,0,-135.0,0,-90.0,0,-90.0,0,-90.0,0,-20.0,0
"Saham Konstruksi BUMN 'Pesta Pora', BP Jamsostek Masuk ke SWF",2021-05-18,1015.0,22126100.0,-15.0,0,-25.0,0,-70.0,0,-25.0,0,-25.0,0,-25.0,0,45.0,1,20.0,1,20.0,1,10.0,1,20.0,1,20.0,1,20.0,1,75.0,1
"Mulai Liar Lagi, Saham WSKT Dkk Dapat Angin Segar dari INA",2021-05-24,990.0,41781200.0,70.0,1,45.0,1,45.0,1,35.0,1,45.0,1,45.0,1,45.0,1,100.0,1,100.0,1,95.0,1,90.0,1,115.0,1,115.0,1,115.0,1
"Pak Erick, Saham BUMN Diborong Investor & Bawa IHSG Melesat",2021-05-25,1060.0,64014800.0,-25.0,0,-25.0,0,-35.0,0,-25.0,0,-25.0,0,-25.0,0,30.0,1,30.0,1,25.0,1,20.0,1,45.0,1,45.0,1,45.0,1,5.0,1
Bingung Cari Cuan Habis Libur? Cek Saham-saham Pilihan Ini,2021-05-27,1035.0,21355700.0,-10.0,0,0.0,0,0.0,0,0.0,0,55.0,1,55.0,1,50.0,1,45.0,1,70.0,1,70.0,1,70.0,1,30.0,1,20.0,1,15.0,1
"Kode Keras dari Erick, Konsorsium INA SWF Masuk ke Jalan Tol",2021-06-03,1085.0,14144400.0,-5.0,0,20.0,1,20.0,1,20.0,1,-20.0,0,-30.0,0,-35.0,0,0.0,0,-25.0,0,-25.0,0,-25.0,0,-65.0,0,-80.0,0,-95.0,0
"Deal! Waskita Restrukturisasi Utang Rp 4,5 T Jadi 14 Tahun",2021-06-03,1085.0,14144400.0,-5.0,0,20.0,1,20.0,1,20.0,1,-20.0,0,-30.0,0,-35.0,0,0.0,0,-25.0,0,-25.0,0,-25.0,0,-65.0,0,-80.0,0,-95.0,0
10 Informasi Patut Anda Baca Buat Serok Cuan Hari Ini,2021-06-04,1080.0,29292600.0,25.0,1,25.0,1,25.0,1,-15.0,0,-25.0,0,-30.0,0,5.0,1,-20.0,0,-20.0,0,-20.0,0,-60.0,0,-75.0,0,-90.0,0,-100.0,0
"Kode Keras dari Erick, Bikin Saham Konstruksi Bergerak Liar",2021-06-04,1080.0,29292600.0,25.0,1,25.0,1,25.0,1,-15.0,0,-25.0,0,-30.0,0,5.0,1,-20.0,0,-20.0,0,-20.0,0,-60.0,0,-75.0,0,-90.0,0,-100.0,0
"Disaksikan Luhut & Erick, BUMN RI & China Teken Kerja Sama",2021-06-06,1105.0,40859600.0,0.0,0,-40.0,0,-50.0,0,-55.0,0,-20.0,0,-45.0,0,-45.0,0,-45.0,0,-85.0,0,-100.0,0,-115.0,0,-125.0,0,-150.0,0,-150.0,0
Erick Kawinkan BUMN RI dengan BUMN China Garap Infrastruktur,2021-06-07,1105.0,40859600.0,-40.0,0,-50.0,0,-55.0,0,-20.0,0,-45.0,0,-45.0,0,-45.0,0,-85.0,0,-100.0,0,-115.0,0,-125.0,0,-150.0,0,-150.0,0,-150.0,0
"Dapat Rp 377 M dari Terregra, WSKT Bangun PLTM Batang Toru",2021-06-14,1060.0,11581700.0,-40.0,0,-55.0,0,-70.0,0,-80.0,0,-105.0,0,-105.0,0,-105.0,0,-80.0,0,-95.0,0,-125.0,0,-160.0,0,-220.0,0,-220.0,0,-220.0,0
"Saham Konstruksi WIKA-ADHI dkk Ambruk, Apa Pemicunya ya?",2021-06-21,955.0,29446600.0,25.0,1,10.0,1,-20.0,0,-55.0,0,-115.0,0,-115.0,0,-115.0,0,-95.0,0,-75.0,0,-55.0,0,-65.0,0,-110.0,0,-110.0,0,-110.0,0
"Sheikh Abu Dhabi Bikin Masjid Gede di Solo, Ini Penampakannya",2021-06-22,980.0,37605700.0,-15.0,0,-45.0,0,-80.0,0,-140.0,0,-140.0,0,-140.0,0,-120.0,0,-100.0,0,-80.0,0,-90.0,0,-135.0,0,-135.0,0,-135.0,0,-125.0,0
"Utang 'Segunung', WSKT Restrukturisasi Utang Cucu Usaha Rp8 T",2021-06-30,880.0,25962900.0,20.0,1,10.0,1,-35.0,0,-35.0,0,-35.0,0,-25.0,0,-10.0,0,-30.0,0,-15.0,0,-10.0,0,-10.0,0,-10.0,0,-35.0,0,-30.0,0
"Kantongi Rp 2 T, Waskita Jual Ruas Tol Semarang & Cinere",2021-07-01,900.0,26335300.0,-10.0,0,-55.0,0,-55.0,0,-55.0,0,-45.0,0,-30.0,0,-50.0,0,-35.0,0,-30.0,0,-30.0,0,-30.0,0,-55.0,0,-50.0,0,-40.0,0
"Sempat Gak Bergairah, 11 Saham Konstruksi Melesat Berjamaah!",2021-07-01,900.0,26335300.0,-10.0,0,-55.0,0,-55.0,0,-55.0,0,-45.0,0,-30.0,0,-50.0,0,-35.0,0,-30.0,0,-30.0,0,-30.0,0,-55.0,0,-50.0,0,-40.0,0
Cek 8 Kabar Pasar Ini! Rugi APLN hingga Restrukturisasi WSKT,2021-07-01,900.0,26335300.0,-10.0,0,-55.0,0,-55.0,0,-55.0,0,-45.0,0,-30.0,0,-50.0,0,-35.0,0,-30.0,0,-30.0,0,-30.0,0,-55.0,0,-50.0,0,-40.0,0
"Wamen Curhat, Kondisi BUMN Karya 'Ngenes' Terlilit Utang",2021-07-08,850.0,11624800.0,15.0,1,20.0,1,20.0,1,20.0,1,-5.0,0,0.0,0,10.0,1,15.0,1,5.0,1,5.0,1,5.0,1,130.0,1,130.0,1,120.0,1
"Waskita Terlilit Utang Rp 90 T, Wamen: 6 Ruas Tol Akan Dijual",2021-07-08,850.0,11624800.0,15.0,1,20.0,1,20.0,1,20.0,1,-5.0,0,0.0,0,10.0,1,15.0,1,5.0,1,5.0,1,5.0,1,130.0,1,130.0,1,120.0,1
"Simak 7 Kabar dari Emiten, Sebelum Borong Saham Cuan",2021-07-09,865.0,19886700.0,5.0,1,5.0,1,5.0,1,-20.0,0,-15.0,0,-5.0,0,0.0,0,-10.0,0,-10.0,0,-10.0,0,115.0,1,115.0,1,105.0,1,120.0,1
"Di DPR, Erick Sebut 12 BUMN Disuntik PMN Rp 72 T, Ini Listnya",2021-07-14,850.0,28495400.0,10.0,1,15.0,1,5.0,1,5.0,1,5.0,1,130.0,1,130.0,1,120.0,1,135.0,1,110.0,1,110.0,1,110.0,1,120.0,1,55.0,1
Tok! Suntikan PMN buat 12 BUMN Rp 106 T Disetujui DPR,2021-07-14,850.0,28495400.0,10.0,1,15.0,1,5.0,1,5.0,1,5.0,1,130.0,1,130.0,1,120.0,1,135.0,1,110.0,1,110.0,1,110.0,1,120.0,1,55.0,1
Ini Hasil Lengkap Rapat Erick Thohir & DPR soal PMN Rp 106 T,2021-07-14,850.0,28495400.0,10.0,1,15.0,1,5.0,1,5.0,1,5.0,1,130.0,1,130.0,1,120.0,1,135.0,1,110.0,1,110.0,1,110.0,1,120.0,1,55.0,1
"Covid 'Meledak', DPR Desak Erick Tambah PMN BUMN Kesehatan",2021-07-14,850.0,28495400.0,10.0,1,15.0,1,5.0,1,5.0,1,5.0,1,130.0,1,130.0,1,120.0,1,135.0,1,110.0,1,110.0,1,110.0,1,120.0,1,55.0,1
"Disuntik dengan PMN, Harga Saham BUMN Ijo Royo-royo",2021-07-15,860.0,19378800.0,5.0,1,-5.0,0,-5.0,0,-5.0,0,120.0,1,120.0,1,110.0,1,125.0,1,100.0,1,100.0,1,100.0,1,110.0,1,45.0,1,30.0,1
Deal! 5 Kreditor Restui Restrukturisasi Utang Waskita Rp 19 T,2021-07-16,865.0,12274100.0,-10.0,0,-10.0,0,-10.0,0,115.0,1,115.0,1,105.0,1,120.0,1,95.0,1,95.0,1,95.0,1,105.0,1,40.0,1,25.0,1,10.0,1
"Kasus Covid Tambah 56.000, Ini Dia Bocoran Saham Prospek Cuan",2021-07-16,865.0,12274100.0,-10.0,0,-10.0,0,-10.0,0,115.0,1,115.0,1,105.0,1,120.0,1,95.0,1,95.0,1,95.0,1,105.0,1,40.0,1,25.0,1,10.0,1
"Saham Emiten Erick Thohir Ngacir, Saat IHGS Drop Nyari 1%",2021-07-19,855.0,9231000.0,125.0,1,125.0,1,115.0,1,130.0,1,105.0,1,105.0,1,105.0,1,115.0,1,50.0,1,35.0,1,20.0,1,50.0,1,50.0,1,50.0,1
"5 Kreditor WSKT Sepakat Restruturisasi Utang, Ini Rinciannya",2021-07-21,980.0,154948100.0,-10.0,0,5.0,1,-20.0,0,-20.0,0,-20.0,0,-10.0,0,-75.0,0,-90.0,0,-105.0,0,-75.0,0,-75.0,0,-75.0,0,-75.0,0,-95.0,0
"Saham-saham Konstruksi Mulai Bergerak Liar, Ada Apa?",2021-07-21,980.0,154948100.0,-10.0,0,5.0,1,-20.0,0,-20.0,0,-20.0,0,-10.0,0,-75.0,0,-90.0,0,-105.0,0,-75.0,0,-75.0,0,-75.0,0,-75.0,0,-95.0,0
"WSKT Jual Ruas Tol Cibitung Rp 2,5 T, Kurangi Beban Utang",2021-07-21,980.0,154948100.0,-10.0,0,5.0,1,-20.0,0,-20.0,0,-20.0,0,-10.0,0,-75.0,0,-90.0,0,-105.0,0,-75.0,0,-75.0,0,-75.0,0,-75.0,0,-95.0,0
"Saham WSKT-KRAS 'Menggila', MEDC-GGRM kok Nyungsep?",2021-07-21,980.0,154948100.0,-10.0,0,5.0,1,-20.0,0,-20.0,0,-20.0,0,-10.0,0,-75.0,0,-90.0,0,-105.0,0,-75.0,0,-75.0,0,-75.0,0,-75.0,0,-95.0,0
"Telkom Dekati SpaceX, Cek Rentetan 10 Aksi Korporasi Emiten!",2021-07-22,970.0,73742000.0,15.0,1,-10.0,0,-10.0,0,-10.0,0,0.0,0,-65.0,0,-80.0,0,-95.0,0,-65.0,0,-65.0,0,-65.0,0,-65.0,0,-85.0,0,-80.0,0
Terungkap! Ini yang Menjadi Pemicu Saham Konstruksi Melesat,2021-07-22,970.0,73742000.0,15.0,1,-10.0,0,-10.0,0,-10.0,0,0.0,0,-65.0,0,-80.0,0,-95.0,0,-65.0,0,-65.0,0,-65.0,0,-65.0,0,-85.0,0,-80.0,0
"Gagal Cuan! 10 Saham Ini Tekor Gede Sejak Januari, UNVR-WIKA",2021-07-23,985.0,24751500.0,-25.0,0,-25.0,0,-25.0,0,-15.0,0,-80.0,0,-95.0,0,-110.0,0,-80.0,0,-80.0,0,-80.0,0,-80.0,0,-100.0,0,-95.0,0,-105.0,0
"Saham Konstruksi 'Ngegas', Bisa Reli Panjang Ga Nih?",2021-07-27,970.0,21981600.0,-65.0,0,-80.0,0,-95.0,0,-65.0,0,-65.0,0,-65.0,0,-65.0,0,-85.0,0,-80.0,0,-90.0,0,-120.0,0,-120.0,0,-120.0,0,-120.0,0
"Tok! BEI Cabut Saham PBRX, SRIL & WSBP dari Pantauan Khusus",2021-07-28,905.0,49834200.0,-15.0,0,-30.0,0,0.0,0,0.0,0,0.0,0,0.0,0,-20.0,0,-15.0,0,-25.0,0,-55.0,0,-55.0,0,-55.0,0,-55.0,0,-20.0,0
Erick Buka-bukaan soal Faedah Suntikan PMN 2021-2022 Rp 106 T,2021-07-30,875.0,16305000.0,30.0,1,30.0,1,30.0,1,30.0,1,10.0,1,15.0,1,5.0,1,-25.0,0,-25.0,0,-25.0,0,-25.0,0,10.0,1,10.0,1,-10.0,0
"Molor nih, Waskita Targetkan Jual 5 Ruas Tol di Akhir Tahun",2021-08-12,885.0,15564500.0,-20.0,0,-80.0,0,-80.0,0,-80.0,0,-120.0,0,-120.0,0,-155.0,0,-155.0,0,-110.0,0,-110.0,0,-110.0,0,-115.0,0,-95.0,0,-105.0,0
"Divestasi Tol, Bikin Waskita Laba Rp 33 M dari Rugi Rp 1,3 T",2021-08-12,885.0,15564500.0,-20.0,0,-80.0,0,-80.0,0,-80.0,0,-120.0,0,-120.0,0,-155.0,0,-155.0,0,-110.0,0,-110.0,0,-110.0,0,-115.0,0,-95.0,0,-105.0,0
"Siap-siap! Waskita Mau Rights Issue & Obligasi Rp 17,5 T",2021-08-12,885.0,15564500.0,-20.0,0,-80.0,0,-80.0,0,-80.0,0,-120.0,0,-120.0,0,-155.0,0,-155.0,0,-110.0,0,-110.0,0,-110.0,0,-115.0,0,-95.0,0,-105.0,0
"Kabar Hari Ini: Kongsi Grup Salim-Emtek, IPO Bank Digital BCA",2021-08-13,865.0,14869200.0,-60.0,0,-60.0,0,-60.0,0,-100.0,0,-100.0,0,-135.0,0,-135.0,0,-90.0,0,-90.0,0,-90.0,0,-95.0,0,-75.0,0,-85.0,0,-90.0,0
"Butuh Duit, Waskita Karya Mau Rights Issue 24,5 Miliar Saham",2021-08-16,805.0,71628600.0,-40.0,0,-40.0,0,-75.0,0,-75.0,0,-30.0,0,-30.0,0,-30.0,0,-35.0,0,-15.0,0,-25.0,0,-30.0,0,,0,,0,,0
"Saham REAL-ICON Melesat di Awal Pekan, WSKT-BUKA Anjlok!",2021-08-16,805.0,71628600.0,-40.0,0,-40.0,0,-75.0,0,-75.0,0,-30.0,0,-30.0,0,-30.0,0,-35.0,0,-15.0,0,-25.0,0,-30.0,0,,0,,0,,0
"Bukalapak hingga Bank Mini, Saham 12 Emiten Kena ARB Mania!",2021-08-16,805.0,71628600.0,-40.0,0,-40.0,0,-75.0,0,-75.0,0,-30.0,0,-30.0,0,-30.0,0,-35.0,0,-15.0,0,-25.0,0,-30.0,0,,0,,0,,0
"Target Dividen BUMN Rp 35 T di 2022, Saham BUMN Menarik Gak?",2021-08-19,730.0,39301200.0,0.0,0,45.0,1,45.0,1,45.0,1,40.0,1,60.0,1,50.0,1,45.0,1,,0,,0,,0,,0,,0,,0
"Jokowi Resmikan Tol Pulo Gebang, Saham Konstruksi 'Ngamuk'!",2021-08-23,775.0,39700500.0,-5.0,0,15.0,1,5.0,1,0.0,0,,0,,0,,0,,0,,0,,0,,0,,0,,0,,0
"Disuntik PMN Rp 7,9 T, Waskita Rampungkan 7 Ruas Tol",2021-08-23,775.0,39700500.0,-5.0,0,15.0,1,5.0,1,0.0,0,,0,,0,,0,,0,,0,,0,,0,,0,,0,,0
"Jokowi Longgarkan PPKM, Cek 8 Kabar Pasar Sebelum Trading!",2021-08-24,770.0,22351300.0,20.0,1,10.0,1,5.0,1,,0,,0,,0,,0,,0,,0,,0,,0,,0,,0,,0
Deal! 7 Bank Restui Restrukturisasi Utang Waskita Rp 22 T,2021-08-26,780.0,9015700.0,-5.0,0,,0,,0,,0,,0,,0,,0,,0,,0,,0,,0,,0,,0,,0
